,target_gene,category,class,gene_descriptor,genomic_location_GRCh38,refseq_examples,similar_genes_functional,key_pathways,drug_associated_interactions,reference_gene,reference_gene_GenePTembedding,reference_description_GenePTembedding,target_name_GenePTembedding,target_description_GenePTembedding,reference_gene_description,target_gene_description
0,AKT1,Gene-to-Gene interaction hubs,Interaction hub (serine/threonine kinase),"PI3K-activated kinase controlling proliferation, survival and metabolism; germline mosaic and somatic oncogenic roles.",14q32.33,,"['AKT2', 'AKT3', 'PIK3CA', 'PTEN', 'MTOR']",,,AKT2,"[-0.03004799 -0.03082881 -0.00561717 ... -0.01028525  0.00082751
  0.0003151 ]","[-0.04248535 -0.03062777 -0.02192876 ... -0.01589641 -0.009877
  0.00747571]","[-0.02429395 -0.02972777 -0.0066505  ... -0.00491616  0.00937731
 -0.00626143]","[-0.04058703 -0.04127886 -0.01917891 ... -0.01516889 -0.00331499
 -0.00615596]","Gene Symbol AKT2 This gene is a putative oncogene encoding a protein belonging to a subfamily of serine/threonine kinases containing SH2-like (Src homology 2-like) domains, which is involved in signaling pathways. The gene serves as an oncogene in the tumorigenesis of cancer cells For example, its overexpression contributes to the malignant phenotype of a subset of human ductal pancreatic cancers. The encoded protein is a general protein kinase capable of phophorylating several known proteins, and has also been implicated in insulin signaling.","Gene Symbol AKT1 This gene encodes one of the three members of the human AKT serine-threonine protein kinase family which are often referred to as protein kinase B alpha, beta, and gamma. These highly similar AKT proteins all have an N-terminal pleckstrin homology domain, a serine/threonine-specific kinase domain and a C-terminal regulatory domain. These proteins are phosphorylated by phosphoinositide 3-kinase (PI3K). AKT/PI3K forms a key component of many signalling pathways that involve the binding of membrane-bound ligands such as receptor tyrosine kinases, G-protein coupled receptors, and integrin-linked kinase. These AKT proteins therefore regulate a wide variety of cellular functions including cell proliferation, survival, metabolism, and angiogenesis in both normal and malignant cells. AKT proteins are recruited to the cell membrane by phosphatidylinositol 3,4,5-trisphosphate (PIP3) after phosphorylation of phosphatidylinositol 4,5-bisphosphate (PIP2) by PI3K. Subsequent phosphorylation of both threonine residue 308 and serine residue 473 is required for full activation of the AKT1 protein encoded by this gene. Phosphorylation of additional residues also occurs, for example, in response to insulin growth factor-1 and epidermal growth factor. Protein phosphatases act as negative regulators of AKT proteins by dephosphorylating AKT or PIP3. The PI3K/AKT signalling pathway is crucial for tumor cell survival. Survival factors can suppress apoptosis in a transcription-independent manner by activating AKT1 which then phosphorylates and inactivates components of the apoptotic machinery. AKT proteins also participate in the mammalian target of rapamycin (mTOR) signalling pathway which controls the assembly of the eukaryotic translation initiation factor 4F (eIF4E) complex and this pathway, in addition to responding to extracellular signals from growth factors and cytokines, is disregulated in many cancers. Mutations in this gene are associated with multiple types of cancer and excessive tissue growth including Proteus syndrome and Cowden syndrome 6, and breast, colorectal, and ovarian cancers. Multiple alternatively spliced transcript variants have been found for this gene."
1,AKT1,Gene-to-Gene interaction hubs,Interaction hub (serine/threonine kinase),"PI3K-activated kinase controlling proliferation, survival and metabolism; germline mosaic and somatic oncogenic roles.",14q32.33,,"['AKT2', 'AKT3', 'PIK3CA', 'PTEN', 'MTOR']",,,AKT3,"[-0.03211277 -0.0309744  -0.00346146 ... -0.01037113  0.01011963
 -0.01092046]","[-0.04788892 -0.04410283 -0.006146   ... -0.01554087 -0.0040547
 -0.00829486]","[-0.02429395 -0.02972777 -0.0066505  ... -0.00491616  0.00937731
 -0.00626143]","[-0.04058703 -0.04127886 -0.01917891 ... -0.01516889 -0.00331499
 -0.00615596]","Gene Symbol AKT3 The protein encoded by this gene is a member of the AKT, also called PKB, serine/threonine protein kinase family. AKT kinases are known to be regulators of cell signaling in response to insulin and growth factors. They are involved in a wide variety of biological processes including cell proliferation, differentiation, apoptosis, tumorigenesis, as well as glycogen synthesis and glucose uptake. This kinase has been shown to be stimulated by platelet-derived growth factor (PDGF), insulin, and insulin-like growth factor 1 (IGF1). Alternatively splice transcript variants encoding distinct isoforms have been described.","Gene Symbol AKT1 This gene encodes one of the three members of the human AKT serine-threonine protein kinase family which are often referred to as protein kinase B alpha, beta, and gamma. These highly similar AKT proteins all have an N-terminal pleckstrin homology domain, a serine/threonine-specific kinase domain and a C-terminal regulatory domain. These proteins are phosphorylated by phosphoinositide 3-kinase (PI3K). AKT/PI3K forms a key component of many signalling pathways that involve the binding of membrane-bound ligands such as receptor tyrosine kinases, G-protein coupled receptors, and integrin-linked kinase. These AKT proteins therefore regulate a wide variety of cellular functions including cell proliferation, survival, metabolism, and angiogenesis in both normal and malignant cells. AKT proteins are recruited to the cell membrane by phosphatidylinositol 3,4,5-trisphosphate (PIP3) after phosphorylation of phosphatidylinositol 4,5-bisphosphate (PIP2) by PI3K. Subsequent phosphorylation of both threonine residue 308 and serine residue 473 is required for full activation of the AKT1 protein encoded by this gene. Phosphorylation of additional residues also occurs, for example, in response to insulin growth factor-1 and epidermal growth factor. Protein phosphatases act as negative regulators of AKT proteins by dephosphorylating AKT or PIP3. The PI3K/AKT signalling pathway is crucial for tumor cell survival. Survival factors can suppress apoptosis in a transcription-independent manner by activating AKT1 which then phosphorylates and inactivates components of the apoptotic machinery. AKT proteins also participate in the mammalian target of rapamycin (mTOR) signalling pathway which controls the assembly of the eukaryotic translation initiation factor 4F (eIF4E) complex and this pathway, in addition to responding to extracellular signals from growth factors and cytokines, is disregulated in many cancers. Mutations in this gene are associated with multiple types of cancer and excessive tissue growth including Proteus syndrome and Cowden syndrome 6, and breast, colorectal, and ovarian cancers. Multiple alternatively spliced transcript variants have been found for this gene."
2,AKT1,Gene-to-Gene interaction hubs,Interaction hub (serine/threonine kinase),"PI3K-activated kinase controlling proliferation, survival and metabolism; germline mosaic and somatic oncogenic roles.",14q32.33,,"['AKT2', 'AKT3', 'PIK3CA', 'PTEN', 'MTOR']",,,PIK3CA,"[-0.02699393 -0.02939167  0.01544352 ...  0.01481185 -0.00786356
 -0.01632011]","[-0.02431542 -0.0204641  -0.00202734 ... -0.00219894 -0.00686373
 -0.00610428]","[-0.02429395 -0.02972777 -0.0066505  ... -0.00491616  0.00937731
 -0.00626143]","[-0.04058703 -0.04127886 -0.01917891 ... -0.01516889 -0.00331499
 -0.00615596]","Gene Symbol PIK3CA Phosphatidylinositol 3-kinase is composed of an 85 kDa regulatory subunit and a 110 kDa catalytic subunit. The protein encoded by this gene represents the catalytic subunit, which uses ATP to phosphorylate PtdIns, PtdIns4P and PtdIns(4,5)P2. This gene has been found to be oncogenic and has been implicated in cervical cancers. A pseudogene of this gene has been defined on chromosome 22.","Gene Symbol AKT1 This gene encodes one of the three members of the human AKT serine-threonine protein kinase family which are often referred to as protein kinase B alpha, beta, and gamma. These highly similar AKT proteins all have an N-terminal pleckstrin homology domain, a serine/threonine-specific kinase domain and a C-terminal regulatory domain. These proteins are phosphorylated by phosphoinositide 3-kinase (PI3K). AKT/PI3K forms a key component of many signalling pathways that involve the binding of membrane-bound ligands such as receptor tyrosine kinases, G-protein coupled receptors, and integrin-linked kinase. These AKT proteins therefore regulate a wide variety of cellular functions including cell proliferation, survival, metabolism, and angiogenesis in both normal and malignant cells. AKT proteins are recruited to the cell membrane by phosphatidylinositol 3,4,5-trisphosphate (PIP3) after phosphorylation of phosphatidylinositol 4,5-bisphosphate (PIP2) by PI3K. Subsequent phosphorylation of both threonine residue 308 and serine residue 473 is required for full activation of the AKT1 protein encoded by this gene. Phosphorylation of additional residues also occurs, for example, in response to insulin growth factor-1 and epidermal growth factor. Protein phosphatases act as negative regulators of AKT proteins by dephosphorylating AKT or PIP3. The PI3K/AKT signalling pathway is crucial for tumor cell survival. Survival factors can suppress apoptosis in a transcription-independent manner by activating AKT1 which then phosphorylates and inactivates components of the apoptotic machinery. AKT proteins also participate in the mammalian target of rapamycin (mTOR) signalling pathway which controls the assembly of the eukaryotic translation initiation factor 4F (eIF4E) complex and this pathway, in addition to responding to extracellular signals from growth factors and cytokines, is disregulated in many cancers. Mutations in this gene are associated with multiple types of cancer and excessive tissue growth including Proteus syndrome and Cowden syndrome 6, and breast, colorectal, and ovarian cancers. Multiple alternatively spliced transcript variants have been found for this gene."
3,AKT1,Gene-to-Gene interaction hubs,Interaction hub (serine/threonine kinase),"PI3K-activated kinase controlling proliferation, survival and metabolism; germline mosaic and somatic oncogenic roles.",14q32.33,,"['AKT2', 'AKT3', 'PIK3CA', 'PTEN', 'MTOR']",,,PTEN,"[-0.02818697 -0.0183189   0.0072567  ...  0.01354234 -0.0009932
 -0.0239353 ]","[-0.04014727 -0.00919073  0.00626817 ... -0.00321482  0.00206517
 -0.00789899]","[-0.02429395 -0.02972777 -0.0066505  ... -0.00491616  0.00937731
 -0.00626143]","[-0.04058703 -0.04127886 -0.01917891 ... -0.01516889 -0.00331499
 -0.00615596]","Gene Symbol PTEN This gene was identified as a tumor suppressor that is mutated in a large number of cancers at high frequency. The protein encoded by this gene is a phosphatidylinositol-3,4,5-trisphosphate 3-phosphatase. It contains a tensin like domain as well as a catalytic domain similar to that of the dual specificity protein tyrosine phosphatases. Unlike most of the protein tyrosine phosphatases, this protein preferentially dephosphorylates phosphoinositide substrates. It negatively regulates intracellular levels of phosphatidylinositol-3,4,5-trisphosphate in cells and functions as a tumor suppressor by negatively regulating AKT/PKB signaling pathway. The use of a non-canonical (CUG) upstream initiation site produces a longer isoform that initiates translation with a leucine, and is thought to be preferentially associated with the mitochondrial inner membrane. This longer isoform may help regulate energy metabolism in the mitochondria. A pseudogene of this gene is found on chromosome 9. Alternative splicing and the use of multiple translation start codons results in multiple transcript variants encoding different isoforms.","Gene Symbol AKT1 This gene encodes one of the three members of the human AKT serine-threonine protein kinase family which are often referred to as protein kinase B alpha, beta, and gamma. These highly similar AKT proteins all have an N-terminal pleckstrin homology domain, a serine/threonine-specific kinase domain and a C-terminal regulatory domain. These proteins are phosphorylated by phosphoinositide 3-kinase (PI3K). AKT/PI3K forms a key component of many signalling pathways that involve the binding of membrane-bound ligands such as receptor tyrosine kinases, G-protein coupled receptors, and integrin-linked kinase. These AKT proteins therefore regulate a wide variety of cellular functions including cell proliferation, survival, metabolism, and angiogenesis in both normal and malignant cells. AKT proteins are recruited to the cell membrane by phosphatidylinositol 3,4,5-trisphosphate (PIP3) after phosphorylation of phosphatidylinositol 4,5-bisphosphate (PIP2) by PI3K. Subsequent phosphorylation of both threonine residue 308 and serine residue 473 is required for full activation of the AKT1 protein encoded by this gene. Phosphorylation of additional residues also occurs, for example, in response to insulin growth factor-1 and epidermal growth factor. Protein phosphatases act as negative regulators of AKT proteins by dephosphorylating AKT or PIP3. The PI3K/AKT signalling pathway is crucial for tumor cell survival. Survival factors can suppress apoptosis in a transcription-independent manner by activating AKT1 which then phosphorylates and inactivates components of the apoptotic machinery. AKT proteins also participate in the mammalian target of rapamycin (mTOR) signalling pathway which controls the assembly of the eukaryotic translation initiation factor 4F (eIF4E) complex and this pathway, in addition to responding to extracellular signals from growth factors and cytokines, is disregulated in many cancers. Mutations in this gene are associated with multiple types of cancer and excessive tissue growth including Proteus syndrome and Cowden syndrome 6, and breast, colorectal, and ovarian cancers. Multiple alternatively spliced transcript variants have been found for this gene."
4,AKT1,Gene-to-Gene interaction hubs,Interaction hub (serine/threonine kinase),"PI3K-activated kinase controlling proliferation, survival and metabolism; germline mosaic and somatic oncogenic roles.",14q32.33,,"['AKT2', 'AKT3', 'PIK3CA', 'PTEN', 'MTOR']",,,MTOR,"[-0.03198018 -0.05226364 -0.01736617 ...  0.01563231 -0.00710059
  0.00079727]","[-0.04339543 -0.03100414 -0.01806847 ... -0.00307028 -0.01230704
 -0.01503545]","[-0.02429395 -0.02972777 -0.0066505  ... -0.00491616  0.00937731
 -0.00626143]","[-0.04058703 -0.04127886 -0.01917891 ... -0.01516889 -0.00331499
 -0.00615596]","Gene Symbol MTOR The protein encoded by this gene belongs to a family of phosphatidylinositol kinase-related kinases. These kinases mediate cellular responses to stresses such as DNA damage and nutrient deprivation. This kinase is a component of two distinct complexes, mTORC1, which controls protein synthesis, cell growth and proliferation, and mTORC2, which is a regulator of the actin cytoskeleton, and promotes cell survival and cell cycle progression. This protein acts as the target for the cell-cycle arrest and immunosuppressive effects of the FKBP12-rapamycin complex. Inhibitors of mTOR are used in organ transplants as immunosuppressants, and are being evaluated for their therapeutic potential in SARS-CoV-2 infections. Mutations in this gene are associated with Smith-Kingsmore syndrome and somatic focal cortical dysplasia type II. The ANGPTL7 gene is located in an intron of this gene.","Gene Symbol AKT1 This gene encodes one of the three members of the human AKT serine-threonine protein kinase family which are often referred to as protein kinase B alpha, beta, and gamma. These highly similar AKT proteins all have an N-terminal pleckstrin homology domain, a serine/threonine-specific kinase domain and a C-terminal regulatory domain. These proteins are phosphorylated by phosphoinositide 3-kinase (PI3K). AKT/PI3K forms a key component of many signalling pathways that involve the binding of membrane-bound ligands such as receptor tyrosine kinases, G-protein coupled receptors, and integrin-linked kinase. These AKT proteins therefore regulate a wide variety of cellular functions including cell proliferation, survival, metabolism, and angiogenesis in both normal and malignant cells. AKT proteins are recruited to the cell membrane by phosphatidylinositol 3,4,5-trisphosphate (PIP3) after phosphorylation of phosphatidylinositol 4,5-bisphosphate (PIP2) by PI3K. Subsequent phosphorylation of both threonine residue 308 and serine residue 473 is required for full activation of the AKT1 protein encoded by this gene. Phosphorylation of additional residues also occurs, for example, in response to insulin growth factor-1 and epidermal growth factor. Protein phosphatases act as negative regulators of AKT proteins by dephosphorylating AKT or PIP3. The PI3K/AKT signalling pathway is crucial for tumor cell survival. Survival factors can suppress apoptosis in a transcription-independent manner by activating AKT1 which then phosphorylates and inactivates components of the apoptotic machinery. AKT proteins also participate in the mammalian target of rapamycin (mTOR) signalling pathway which controls the assembly of the eukaryotic translation initiation factor 4F (eIF4E) complex and this pathway, in addition to responding to extracellular signals from growth factors and cytokines, is disregulated in many cancers. Mutations in this gene are associated with multiple types of cancer and excessive tissue growth including Proteus syndrome and Cowden syndrome 6, and breast, colorectal, and ovarian cancers. Multiple alternatively spliced transcript variants have been found for this gene."
5,APOE,Genome importance → disease,Disease risk gene (neurodegeneration),Lipoprotein involved in cholesterol transport; ε2/ε3/ε4 isoforms modulate Alzheimer’s disease risk and onset.,19q13.32,,"['APOA1', 'APOB', 'APOC3', 'LDLR', 'LRP1']",,"[{'drug_name': 'Atorvastatin', 'mechanism': 'HMG-CoA reductase inhibitor; modulates LDL-C and may impact APOE-related phenotypes', 'smiles': 'CC(C)C1=C(C(=C(N1CC[C@H](C[C@H](CC(=O)O)O)O)C2=CC=C(C=C2)F)C3=CC=CC=C3)C(=O)NC4=CC=CC=C4'}]",APOA1,"[-0.01050792  0.00443282 -0.01231042 ... -0.00635883  0.00307761
 -0.02556883]","[-0.02282804  0.02351314 -0.00145503 ... -0.02287974 -0.00411383
 -0.02405605]","[ 0.00175955 -0.00061881  0.00135734 ... -0.02051857  0.00319698
 -0.02469394]","[-0.03343358  0.00209452 -0.0035264  ... -0.02115186 -0.01569331
 -0.02225406]","Gene Symbol APOA1 This gene encodes apolipoprotein A-I, which is the major protein component of high density lipoprotein (HDL) in plasma. The encoded preproprotein is proteolytically processed to generate the mature protein, which promotes cholesterol efflux from tissues to the liver for excretion, and is a cofactor for lecithin cholesterolacyltransferase (LCAT), an enzyme responsible for the formation of most plasma cholesteryl esters. This gene is closely linked with two other apolipoprotein genes on chromosome 11. Defects in this gene are associated with HDL deficiencies, including Tangier disease, and with systemic non-neuropathic amyloidosis. Alternative splicing results in multiple transcript variants, at least one of which encodes a preproprotein.","Gene Symbol APOE The protein encoded by this gene is a major apoprotein of the chylomicron. It binds to a specific liver and peripheral cell receptor, and is essential for the normal catabolism of triglyceride-rich lipoprotein constituents. This gene maps to chromosome 19 in a cluster with the related apolipoprotein C1 and C2 genes. Mutations in this gene result in familial dysbetalipoproteinemia, or type III hyperlipoproteinemia (HLP III), in which increased plasma cholesterol and triglycerides are the consequence of impaired clearance of chylomicron and VLDL remnants."
6,APOE,Genome importance → disease,Disease risk gene (neurodegeneration),Lipoprotein involved in cholesterol transport; ε2/ε3/ε4 isoforms modulate Alzheimer’s disease risk and onset.,19q13.32,,"['APOA1', 'APOB', 'APOC3', 'LDLR', 'LRP1']",,"[{'drug_name': 'Atorvastatin', 'mechanism': 'HMG-CoA reductase inhibitor; modulates LDL-C and may impact APOE-related phenotypes', 'smiles': 'CC(C)C1=C(C(=C(N1CC[C@H](C[C@H](CC(=O)O)O)O)C2=CC=C(C=C2)F)C3=CC=CC=C3)C(=O)NC4=CC=CC=C4'}]",APOB,"[-0.01114556 -0.03342329  0.00074134 ... -0.02084607  0.00181968
 -0.01644404]","[-0.03782135 -0.00201496 -0.00577754 ... -0.0329437  -0.02161034
 -0.01490683]","[ 0.00175955 -0.00061881  0.00135734 ... -0.02051857  0.00319698
 -0.02469394]","[-0.03343358  0.00209452 -0.0035264  ... -0.02115186 -0.01569331
 -0.02225406]","Gene Symbol APOB This gene product is the main apolipoprotein of chylomicrons and low density lipoproteins (LDL), and is the ligand for the LDL receptor. It occurs in plasma as two main isoforms, apoB-48 and apoB-100: the former is synthesized exclusively in the gut and the latter in the liver. The intestinal and the hepatic forms of apoB are encoded by a single gene from a single, very long mRNA. The two isoforms share a common N-terminal sequence. The shorter apoB-48 protein is produced after RNA editing of the apoB-100 transcript at residue 2180 (CAA->UAA), resulting in the creation of a stop codon, and early translation termination. Mutations in this gene or its regulatory region cause hypobetalipoproteinemia, normotriglyceridemic hypobetalipoproteinemia, and hypercholesterolemia due to ligand-defective apoB, diseases affecting plasma cholesterol and apoB levels.","Gene Symbol APOE The protein encoded by this gene is a major apoprotein of the chylomicron. It binds to a specific liver and peripheral cell receptor, and is essential for the normal catabolism of triglyceride-rich lipoprotein constituents. This gene maps to chromosome 19 in a cluster with the related apolipoprotein C1 and C2 genes. Mutations in this gene result in familial dysbetalipoproteinemia, or type III hyperlipoproteinemia (HLP III), in which increased plasma cholesterol and triglycerides are the consequence of impaired clearance of chylomicron and VLDL remnants."
7,APOE,Genome importance → disease,Disease risk gene (neurodegeneration),Lipoprotein involved in cholesterol transport; ε2/ε3/ε4 isoforms modulate Alzheimer’s disease risk and onset.,19q13.32,,"['APOA1', 'APOB', 'APOC3', 'LDLR', 'LRP1']",,"[{'drug_name': 'Atorvastatin', 'mechanism': 'HMG-CoA reductase inhibitor; modulates LDL-C and may impact APOE-related phenotypes', 'smiles': 'CC(C)C1=C(C(=C(N1CC[C@H](C[C@H](CC(=O)O)O)O)C2=CC=C(C=C2)F)C3=CC=CC=C3)C(=O)NC4=CC=CC=C4'}]",APOC3,"[-0.00403973 -0.00508607  0.00594616 ...  0.00388735 -0.00924431
 -0.01380213]","[-0.03883414 -0.00280228 -0.00131786 ... -0.01553624 -0.01038121
 -0.02642843]","[ 0.00175955 -0.00061881  0.00135734 ... -0.02051857  0.00319698
 -0.02469394]","[-0.03343358  0.00209452 -0.0035264  ... -0.02115186 -0.01569331
 -0.02225406]","Gene Symbol APOC3 This gene encodes a protein component of triglyceride (TG)-rich lipoproteins (TRLs) including very low density lipoproteins (VLDL), high density lipoproteins (HDL) and chylomicrons. The encoded protein plays a role in role in the metabolism of these TRLs through multiple modes. This protein has been shown to promote the secretion of VLDL1, inhibit lipoprotein lipase enzyme activity, and delay catabolism of TRL remnants. Mutations in this gene are associated with low plasma triglyceride levels and reduced risk of ischemic cardiovascular disease, and hyperalphalipoproteinemia, which is characterized by elevated levels of high density lipoprotein (HDL) and HDL cholesterol in human patients. This gene and other related genes comprise an apolipoprotein gene cluster on chromosome 11.","Gene Symbol APOE The protein encoded by this gene is a major apoprotein of the chylomicron. It binds to a specific liver and peripheral cell receptor, and is essential for the normal catabolism of triglyceride-rich lipoprotein constituents. This gene maps to chromosome 19 in a cluster with the related apolipoprotein C1 and C2 genes. Mutations in this gene result in familial dysbetalipoproteinemia, or type III hyperlipoproteinemia (HLP III), in which increased plasma cholesterol and triglycerides are the consequence of impaired clearance of chylomicron and VLDL remnants."
8,APOE,Genome importance → disease,Disease risk gene (neurodegeneration),Lipoprotein involved in cholesterol transport; ε2/ε3/ε4 isoforms modulate Alzheimer’s disease risk and onset.,19q13.32,,"['APOA1', 'APOB', 'APOC3', 'LDLR', 'LRP1']",,"[{'drug_name': 'Atorvastatin', 'mechanism': 'HMG-CoA reductase inhibitor; modulates LDL-C and may impact APOE-related phenotypes', 'smiles': 'CC(C)C1=C(C(=C(N1CC[C@H](C[C@H](CC(=O)O)O)O)C2=CC=C(C=C2)F)C3=CC=CC=C3)C(=O)NC4=CC=CC=C4'}]",LDLR,"[-0.01789032  0.00319914 -0.01178884 ... -0.0223491   0.00239331
 -0.0045485 ]","[-0.04215081  0.01215585 -0.01301755 ... -0.0217595  -0.01109024
 -0.0160894 ]","[ 0.00175955 -0.00061881  0.00135734 ... -0.02051857  0.00319698
 -0.02469394]","[-0.03343358  0.00209452 -0.0035264  ... -0.02115186 -0.01569331
 -0.02225406]","Gene Symbol LDLR The low density lipoprotein receptor (LDLR) gene family consists of cell surface proteins involved in receptor-mediated endocytosis of specific ligands. The encoded protein is normally bound at the cell membrane, where it binds low density lipoprotein/cholesterol and is taken into the cell. Lysosomes release the cholesterol, which is made available for repression of microsomal enzyme 3-hydroxy-3-methylglutaryl coenzyme A (HMG CoA) reductase, the rate-limiting step in cholesterol synthesis. At the same time, a reciprocal stimulation of cholesterol ester synthesis takes place. Mutations in this gene cause the autosomal dominant disorder, familial hypercholesterolemia. Alternate splicing results in multiple transcript variants.","Gene Symbol APOE The protein encoded by this gene is a major apoprotein of the chylomicron. It binds to a specific liver and peripheral cell receptor, and is essential for the normal catabolism of triglyceride-rich lipoprotein constituents. This gene maps to chromosome 19 in a cluster with the related apolipoprotein C1 and C2 genes. Mutations in this gene result in familial dysbetalipoproteinemia, or type III hyperlipoproteinemia (HLP III), in which increased plasma cholesterol and triglycerides are the consequence of impaired clearance of chylomicron and VLDL remnants."
9,APOE,Genome importance → disease,Disease risk gene (neurodegeneration),Lipoprotein involved in cholesterol transport; ε2/ε3/ε4 isoforms modulate Alzheimer’s disease risk and onset.,19q13.32,,"['APOA1', 'APOB', 'APOC3', 'LDLR', 'LRP1']",,"[{'drug_name': 'Atorvastatin', 'mechanism': 'HMG-CoA reductase inhibitor; modulates LDL-C and may impact APOE-related phenotypes', 'smiles': 'CC(C)C1=C(C(=C(N1CC[C@H](C[C@H](CC(=O)O)O)O)C2=CC=C(C=C2)F)C3=CC=CC=C3)C(=O)NC4=CC=CC=C4'}]",LRP1,"[-0.00844663  0.01631948 -0.01483831 ... -0.0115891   0.01098863
 -0.01165582]","[-0.02813974  0.0150131  -0.00471288 ... -0.01874672 -0.01095197
 -0.01835371]","[ 0.00175955 -0.00061881  0.00135734 ... -0.02051857  0.00319698
 -0.02469394]","[-0.03343358  0.00209452 -0.0035264  ... -0.02115186 -0.01569331
 -0.02225406]","Gene Symbol LRP1 This gene encodes a member of the low-density lipoprotein receptor family of proteins. The encoded preproprotein is proteolytically processed by furin to generate 515 kDa and 85 kDa subunits that form the mature receptor (PMID: 8546712). This receptor is involved in several cellular processes, including intracellular signaling, lipid homeostasis, and clearance of apoptotic cells. In addition, the encoded protein is necessary for the alpha 2-macroglobulin-mediated clearance of secreted amyloid precursor protein and beta-amyloid, the main component of amyloid plaques found in Alzheimer patients. Expression of this gene decreases with age and has been found to be lower than controls in brain tissue from Alzheimer's disease patients.","Gene Symbol APOE The protein encoded by this gene is a major apoprotein of the chylomicron. It binds to a specific liver and peripheral cell receptor, and is essential for the normal catabolism of triglyceride-rich lipoprotein constituents. This gene maps to chromosome 19 in a cluster with the related apolipoprotein C1 and C2 genes. Mutations in this gene result in familial dysbetalipoproteinemia, or type III hyperlipoproteinemia (HLP III), in which increased plasma cholesterol and triglycerides are the consequence of impaired clearance of chylomicron and VLDL remnants."
10,BRCA1,Genome importance → disease,Disease gene (DNA repair tumour suppressor),Core HR DNA repair factor; loss predisposes to breast/ovarian cancer and drives PARP inhibitor sensitivity.,"chr17:43,044,295–43,170,327 (17q21.31)",['NM_007294.4'],"['BRCA2', 'PALB2', 'BARD1', 'RAD51', 'CHEK2']",,"[{'drug_name': 'Olaparib (PARP inhibitor)', 'mechanism': 'Exploits HR deficiency via PARP1/2 blockade', 'smiles': 'Fc1c(cc(cc1)C=C4NNC(=O)c5c4cccc5)C(=O)N2CCN(CC2)C(=O)C3CC3'}]",CHEK2,"[-0.02365346  0.00203409 -0.00752917 ... -0.00183169  0.00454381
 -0.00933725]","[-0.03148861 -0.0149433  -0.02123315 ... -0.0011974  -0.01302615
 -0.00655575]","[-0.02887905 -0.02564534 -0.02051099 ... -0.006771   -0.01548223
 -0.01263788]","[-0.03986181 -0.00817428 -0.022901   ... -0.00868232 -0.02675692
 -0.00014502]","Gene Symbol CHEK2 In response to DNA damage and replication blocks, cell cycle progression is halted through the control of critical cell cycle regulators. The protein encoded by this gene is a cell cycle checkpoint regulator and putative tumor suppressor. It contains a forkhead-associated protein interaction domain essential for activation in response to DNA damage and is rapidly phosphorylated in response to replication blocks and DNA damage. When activated, the encoded protein is known to inhibit CDC25C phosphatase, preventing entry into mitosis, and has been shown to stabilize the tumor suppressor protein p53, leading to cell cycle arrest in G1. In addition, this protein interacts with and phosphorylates BRCA1, allowing BRCA1 to restore survival after DNA damage. Mutations in this gene have been linked with Li-Fraumeni syndrome, a highly penetrant familial cancer phenotype usually associated with inherited mutations in TP53. Also, mutations in this gene are thought to confer a predisposition to sarcomas, breast cancer, and brain tumors. This nuclear protein is a member of the CDS1 subfamily of serine/threonine protein kinases. Several transcript variants encoding different isoforms have been found for this gene.","Gene Symbol BRCA1 This gene encodes a 190 kD nuclear phosphoprotein that plays a role in maintaining genomic stability, and it also acts as a tumor suppressor. The BRCA1 gene contains 22 exons spanning about 110 kb of DNA. The encoded protein combines with other tumor suppressors, DNA damage sensors, and signal transducers to form a large multi-subunit protein complex known as the BRCA1-associated genome surveillance complex (BASC). This gene product associates with RNA polymerase II, and through the C-terminal domain, also interacts with histone deacetylase complexes. This protein thus plays a role in transcription, DNA repair of double-stranded breaks, and recombination. Mutations in this gene are responsible for approximately 40% of inherited breast cancers and more than 80% of inherited breast and ovarian cancers. Alternative splicing plays a role in modulating the subcellular localization and physiological function of this gene. Many alternatively spliced transcript variants, some of which are disease-associated mutations, have been described for this gene, but the full-length natures of only some of these variants has been described. A related pseudogene, which is also located on chromosome 17, has been identified."
11,BRCA1,Genome importance → disease,Disease gene (DNA repair tumour suppressor),Core HR DNA repair factor; loss predisposes to breast/ovarian cancer and drives PARP inhibitor sensitivity.,"chr17:43,044,295–43,170,327 (17q21.31)",['NM_007294.4'],"['BRCA2', 'PALB2', 'BARD1', 'RAD51', 'CHEK2']",,"[{'drug_name': 'Olaparib (PARP inhibitor)', 'mechanism': 'Exploits HR deficiency via PARP1/2 blockade', 'smiles': 'Fc1c(cc(cc1)C=C4NNC(=O)c5c4cccc5)C(=O)N2CCN(CC2)C(=O)C3CC3'}]",BRCA2,"[-0.03738425 -0.02527122 -0.01209293 ... -0.00575503 -0.02200177
 -0.00501137]","[-0.03943034 -0.00638244 -0.02438762 ...  0.00326747 -0.01683382
 -0.00226971]","[-0.02887905 -0.02564534 -0.02051099 ... -0.006771   -0.01548223
 -0.01263788]","[-0.03986181 -0.00817428 -0.022901   ... -0.00868232 -0.02675692
 -0.00014502]","Gene Symbol BRCA2 Inherited mutations in BRCA1 and this gene, BRCA2, confer increased lifetime risk of developing breast or ovarian cancer. Both BRCA1 and BRCA2 are involved in maintenance of genome stability, specifically the homologous recombination pathway for double-strand DNA repair. The largest exon in both genes is exon 11, which harbors the most important and frequent mutations in breast cancer patients. The BRCA2 gene was found on chromosome 13q12.3 in human. The BRCA2 protein contains several copies of a 70 aa motif called the BRC motif, and these motifs mediate binding to the RAD51 recombinase which functions in DNA repair. BRCA2 is considered a tumor suppressor gene, as tumors with BRCA2 mutations generally exhibit loss of heterozygosity (LOH) of the wild-type allele.","Gene Symbol BRCA1 This gene encodes a 190 kD nuclear phosphoprotein that plays a role in maintaining genomic stability, and it also acts as a tumor suppressor. The BRCA1 gene contains 22 exons spanning about 110 kb of DNA. The encoded protein combines with other tumor suppressors, DNA damage sensors, and signal transducers to form a large multi-subunit protein complex known as the BRCA1-associated genome surveillance complex (BASC). This gene product associates with RNA polymerase II, and through the C-terminal domain, also interacts with histone deacetylase complexes. This protein thus plays a role in transcription, DNA repair of double-stranded breaks, and recombination. Mutations in this gene are responsible for approximately 40% of inherited breast cancers and more than 80% of inherited breast and ovarian cancers. Alternative splicing plays a role in modulating the subcellular localization and physiological function of this gene. Many alternatively spliced transcript variants, some of which are disease-associated mutations, have been described for this gene, but the full-length natures of only some of these variants has been described. A related pseudogene, which is also located on chromosome 17, has been identified."
12,BRCA1,Genome importance → disease,Disease gene (DNA repair tumour suppressor),Core HR DNA repair factor; loss predisposes to breast/ovarian cancer and drives PARP inhibitor sensitivity.,"chr17:43,044,295–43,170,327 (17q21.31)",['NM_007294.4'],"['BRCA2', 'PALB2', 'BARD1', 'RAD51', 'CHEK2']",,"[{'drug_name': 'Olaparib (PARP inhibitor)', 'mechanism': 'Exploits HR deficiency via PARP1/2 blockade', 'smiles': 'Fc1c(cc(cc1)C=C4NNC(=O)c5c4cccc5)C(=O)N2CCN(CC2)C(=O)C3CC3'}]",PALB2,"[-0.02510594 -0.00017446  0.02693305 ... -0.02032837 -0.01065818
 -0.00582647]","[-0.05167237 -0.00527042 -0.00163599 ... -0.00875139 -0.02443857
  0.00023409]","[-0.02887905 -0.02564534 -0.02051099 ... -0.006771   -0.01548223
 -0.01263788]","[-0.03986181 -0.00817428 -0.022901   ... -0.00868232 -0.02675692
 -0.00014502]",Gene Symbol PALB2 This gene encodes a protein that may function in tumor suppression. This protein binds to and colocalizes with the breast cancer 2 early onset protein (BRCA2) in nuclear foci and likely permits the stable intranuclear localization and accumulation of BRCA2.,"Gene Symbol BRCA1 This gene encodes a 190 kD nuclear phosphoprotein that plays a role in maintaining genomic stability, and it also acts as a tumor suppressor. The BRCA1 gene contains 22 exons spanning about 110 kb of DNA. The encoded protein combines with other tumor suppressors, DNA damage sensors, and signal transducers to form a large multi-subunit protein complex known as the BRCA1-associated genome surveillance complex (BASC). This gene product associates with RNA polymerase II, and through the C-terminal domain, also interacts with histone deacetylase complexes. This protein thus plays a role in transcription, DNA repair of double-stranded breaks, and recombination. Mutations in this gene are responsible for approximately 40% of inherited breast cancers and more than 80% of inherited breast and ovarian cancers. Alternative splicing plays a role in modulating the subcellular localization and physiological function of this gene. Many alternatively spliced transcript variants, some of which are disease-associated mutations, have been described for this gene, but the full-length natures of only some of these variants has been described. A related pseudogene, which is also located on chromosome 17, has been identified."
13,BRCA1,Genome importance → disease,Disease gene (DNA repair tumour suppressor),Core HR DNA repair factor; loss predisposes to breast/ovarian cancer and drives PARP inhibitor sensitivity.,"chr17:43,044,295–43,170,327 (17q21.31)",['NM_007294.4'],"['BRCA2', 'PALB2', 'BARD1', 'RAD51', 'CHEK2']",,"[{'drug_name': 'Olaparib (PARP inhibitor)', 'mechanism': 'Exploits HR deficiency via PARP1/2 blockade', 'smiles': 'Fc1c(cc(cc1)C=C4NNC(=O)c5c4cccc5)C(=O)N2CCN(CC2)C(=O)C3CC3'}]",BARD1,"[-0.01151101 -0.0110619  -0.01421948 ... -0.02819023 -0.02017536
 -0.01161465]","[-0.04707543 -0.02490106 -0.02300307 ... -0.00650595 -0.03386972
 -0.00180108]","[-0.02887905 -0.02564534 -0.02051099 ... -0.006771   -0.01548223
 -0.01263788]","[-0.03986181 -0.00817428 -0.022901   ... -0.00868232 -0.02675692
 -0.00014502]","Gene Symbol BARD1 This gene encodes a protein which interacts with the N-terminal region of BRCA1. In addition to its ability to bind BRCA1 in vivo and in vitro, it shares homology with the 2 most conserved regions of BRCA1: the N-terminal RING motif and the C-terminal BRCT domain. The RING motif is a cysteine-rich sequence found in a variety of proteins that regulate cell growth, including the products of tumor suppressor genes and dominant protooncogenes. This protein also contains 3 tandem ankyrin repeats. The BARD1/BRCA1 interaction is disrupted by tumorigenic amino acid substitutions in BRCA1, implying that the formation of a stable complex between these proteins may be an essential aspect of BRCA1 tumor suppression. This protein may be the target of oncogenic mutations in breast or ovarian cancer. Multiple alternatively spliced transcript variants encoding different isoforms have been found for this gene.","Gene Symbol BRCA1 This gene encodes a 190 kD nuclear phosphoprotein that plays a role in maintaining genomic stability, and it also acts as a tumor suppressor. The BRCA1 gene contains 22 exons spanning about 110 kb of DNA. The encoded protein combines with other tumor suppressors, DNA damage sensors, and signal transducers to form a large multi-subunit protein complex known as the BRCA1-associated genome surveillance complex (BASC). This gene product associates with RNA polymerase II, and through the C-terminal domain, also interacts with histone deacetylase complexes. This protein thus plays a role in transcription, DNA repair of double-stranded breaks, and recombination. Mutations in this gene are responsible for approximately 40% of inherited breast cancers and more than 80% of inherited breast and ovarian cancers. Alternative splicing plays a role in modulating the subcellular localization and physiological function of this gene. Many alternatively spliced transcript variants, some of which are disease-associated mutations, have been described for this gene, but the full-length natures of only some of these variants has been described. A related pseudogene, which is also located on chromosome 17, has been identified."
14,BRCA1,Genome importance → disease,Disease gene (DNA repair tumour suppressor),Core HR DNA repair factor; loss predisposes to breast/ovarian cancer and drives PARP inhibitor sensitivity.,"chr17:43,044,295–43,170,327 (17q21.31)",['NM_007294.4'],"['BRCA2', 'PALB2', 'BARD1', 'RAD51', 'CHEK2']",,"[{'drug_name': 'Olaparib (PARP inhibitor)', 'mechanism': 'Exploits HR deficiency via PARP1/2 blockade', 'smiles': 'Fc1c(cc(cc1)C=C4NNC(=O)c5c4cccc5)C(=O)N2CCN(CC2)C(=O)C3CC3'}]",RAD51,"[-0.02316807 -0.00195034 -0.01876767 ... -0.02215473 -0.01334004
 -0.01349273]","[-0.05368793 -0.02206532 -0.02218283 ... -0.00070464 -0.02083802
 -0.00011169]","[-0.02887905 -0.02564534 -0.02051099 ... -0.006771   -0.01548223
 -0.01263788]","[-0.03986181 -0.00817428 -0.022901   ... -0.00868232 -0.02675692
 -0.00014502]","Gene Symbol RAD51 The protein encoded by this gene is a member of the RAD51 protein family. RAD51 family members are highly similar to bacterial RecA and Saccharomyces cerevisiae Rad51, and are known to be involved in the homologous recombination and repair of DNA. This protein can interact with the ssDNA-binding protein RPA and RAD52, and it is thought to play roles in homologous pairing and strand transfer of DNA. This protein is also found to interact with BRCA1 and BRCA2, which may be important for the cellular response to DNA damage. BRCA2 is shown to regulate both the intracellular localization and DNA-binding ability of this protein. Loss of these controls following BRCA2 inactivation may be a key event leading to genomic instability and tumorigenesis. Multiple transcript variants encoding different isoforms have been found for this gene.","Gene Symbol BRCA1 This gene encodes a 190 kD nuclear phosphoprotein that plays a role in maintaining genomic stability, and it also acts as a tumor suppressor. The BRCA1 gene contains 22 exons spanning about 110 kb of DNA. The encoded protein combines with other tumor suppressors, DNA damage sensors, and signal transducers to form a large multi-subunit protein complex known as the BRCA1-associated genome surveillance complex (BASC). This gene product associates with RNA polymerase II, and through the C-terminal domain, also interacts with histone deacetylase complexes. This protein thus plays a role in transcription, DNA repair of double-stranded breaks, and recombination. Mutations in this gene are responsible for approximately 40% of inherited breast cancers and more than 80% of inherited breast and ovarian cancers. Alternative splicing plays a role in modulating the subcellular localization and physiological function of this gene. Many alternatively spliced transcript variants, some of which are disease-associated mutations, have been described for this gene, but the full-length natures of only some of these variants has been described. A related pseudogene, which is also located on chromosome 17, has been identified."
15,CFTR,Genome importance → disease,Disease gene (channelopathy),ABC transporter family member functioning as a cAMP-regulated chloride channel in epithelial cells; pathogenic variants cause cystic fibrosis.,7q31.2,['NM_000492.4'],"['ABCC4', 'ABCC2', 'SLC9A3', 'ENaC complex']",,"[{'drug_name': 'Ivacaftor (CFTR potentiator)', 'mechanism': 'Increases open probability of gating-defective CFTR', 'smiles': 'CC(C)(C)C1=CC(=C(C=C1NC(=O)C2=CNC3=CC=CC=C3C2=O)O)C(C)(C)C'}]",ABCC4,"[-0.02015979 -0.01942143  0.0037709  ... -0.02348239 -0.01499129
 -0.01857759]","[-0.01528191 -0.01744619 -0.00148959 ... -0.04489556 -0.02842594
 -0.00959408]","[-0.03002132 -0.0183843  -0.01423213 ...  0.0328896   0.00576387
 -0.01951795]","[-0.02046665 -0.00575056 -0.00135393 ... -0.00256158 -0.02837244
 -0.01285342]","Gene Symbol ABCC4 The protein encoded by this gene is a member of the superfamily of ATP-binding cassette (ABC) transporters. ABC proteins transport various molecules across extra- and intra-cellular membranes. ABC genes are divided into seven distinct subfamilies (ABC1, MDR/TAP, MRP, ALD, OABP, GCN20, White). This protein is a member of the MRP subfamily which is involved in multi-drug resistance. This family member plays a role in cellular detoxification as a pump for its substrate, organic anions. It may also function in prostaglandin-mediated cAMP signaling in ciliogenesis. Alternative splicing of this gene results in multiple transcript variants.","Gene Symbol CFTR This gene encodes a member of the ATP-binding cassette (ABC) transporter superfamily. The encoded protein functions as a chloride channel, making it unique among members of this protein family, and controls ion and water secretion and absorption in epithelial tissues. Channel activation is mediated by cycles of regulatory domain phosphorylation, ATP-binding by the nucleotide-binding domains, and ATP hydrolysis. Mutations in this gene cause cystic fibrosis, the most common lethal genetic disorder in populations of Northern European descent. The most frequently occurring mutation in cystic fibrosis, DeltaF508, results in impaired folding and trafficking of the encoded protein. Multiple pseudogenes have been identified in the human genome."
16,CFTR,Genome importance → disease,Disease gene (channelopathy),ABC transporter family member functioning as a cAMP-regulated chloride channel in epithelial cells; pathogenic variants cause cystic fibrosis.,7q31.2,['NM_000492.4'],"['ABCC4', 'ABCC2', 'SLC9A3', 'ENaC complex']",,"[{'drug_name': 'Ivacaftor (CFTR potentiator)', 'mechanism': 'Increases open probability of gating-defective CFTR', 'smiles': 'CC(C)(C)C1=CC(=C(C=C1NC(=O)C2=CNC3=CC=CC=C3C2=O)O)C(C)(C)C'}]",ABCC2,"[-0.02041979 -0.02125409 -0.00229603 ... -0.02282694 -0.02089848
 -0.01689112]","[-0.01357173 -0.00880788 -0.00070632 ... -0.04962778 -0.03036299
 -0.00261586]","[-0.03002132 -0.0183843  -0.01423213 ...  0.0328896   0.00576387
 -0.01951795]","[-0.02046665 -0.00575056 -0.00135393 ... -0.00256158 -0.02837244
 -0.01285342]","Gene Symbol ABCC2 The protein encoded by this gene is a member of the superfamily of ATP-binding cassette (ABC) transporters. ABC proteins transport various molecules across extra- and intra-cellular membranes. ABC genes are divided into seven distinct subfamilies (ABC1, MDR/TAP, MRP, ALD, OABP, GCN20, White). This protein is a member of the MRP subfamily which is involved in multi-drug resistance. This protein is expressed in the canalicular (apical) part of the hepatocyte and functions in biliary transport. Substrates include anticancer drugs such as vinblastine; therefore, this protein appears to contribute to drug resistance in mammalian cells. Several different mutations in this gene have been observed in patients with Dubin-Johnson syndrome (DJS), an autosomal recessive disorder characterized by conjugated hyperbilirubinemia.","Gene Symbol CFTR This gene encodes a member of the ATP-binding cassette (ABC) transporter superfamily. The encoded protein functions as a chloride channel, making it unique among members of this protein family, and controls ion and water secretion and absorption in epithelial tissues. Channel activation is mediated by cycles of regulatory domain phosphorylation, ATP-binding by the nucleotide-binding domains, and ATP hydrolysis. Mutations in this gene cause cystic fibrosis, the most common lethal genetic disorder in populations of Northern European descent. The most frequently occurring mutation in cystic fibrosis, DeltaF508, results in impaired folding and trafficking of the encoded protein. Multiple pseudogenes have been identified in the human genome."
17,CFTR,Genome importance → disease,Disease gene (channelopathy),ABC transporter family member functioning as a cAMP-regulated chloride channel in epithelial cells; pathogenic variants cause cystic fibrosis.,7q31.2,['NM_000492.4'],"['ABCC4', 'ABCC2', 'SLC9A3', 'ENaC complex']",,"[{'drug_name': 'Ivacaftor (CFTR potentiator)', 'mechanism': 'Increases open probability of gating-defective CFTR', 'smiles': 'CC(C)(C)C1=CC(=C(C=C1NC(=O)C2=CNC3=CC=CC=C3C2=O)O)C(C)(C)C'}]",SLC9A3,"[-0.01896371  0.00580829  0.01030693 ... -0.0264418  -0.00492428
 -0.01160348]","[-0.00632107  0.01822032  0.019276   ... -0.03060179 -0.00796976
 -0.01799875]","[-0.03002132 -0.0183843  -0.01423213 ...  0.0328896   0.00576387
 -0.01951795]","[-0.02046665 -0.00575056 -0.00135393 ... -0.00256158 -0.02837244
 -0.01285342]",Gene Symbol SLC9A3 The protein encoded by this gene is an epithelial brush border Na/H exchanger that uses an inward sodium ion gradient to expel acids from the cell. Defects in this gene are a cause of congenital secretory sodium diarrhea. Pseudogenes of this gene exist on chromosomes 10 and 22.,"Gene Symbol CFTR This gene encodes a member of the ATP-binding cassette (ABC) transporter superfamily. The encoded protein functions as a chloride channel, making it unique among members of this protein family, and controls ion and water secretion and absorption in epithelial tissues. Channel activation is mediated by cycles of regulatory domain phosphorylation, ATP-binding by the nucleotide-binding domains, and ATP hydrolysis. Mutations in this gene cause cystic fibrosis, the most common lethal genetic disorder in populations of Northern European descent. The most frequently occurring mutation in cystic fibrosis, DeltaF508, results in impaired folding and trafficking of the encoded protein. Multiple pseudogenes have been identified in the human genome."
18,CYP2C19,Gene-to-Drug interactions,Gene-to-Drugs (pharmacogene),Polymorphic P450 that activates clopidogrel and metabolizes PPIs and several psychotropics.,10q23.33,,,,"[{'drug_name': 'Clopidogrel', 'mechanism': 'CYP2C19-dependent bioactivation', 'smiles': 'COC(=O)[C@@H](N1CCc2sccc2C1)c3ccccc3Cl'}]",,,,,,No Description,"Gene Symbol CYP2C19 This gene encodes a member of the cytochrome P450 superfamily of enzymes. The cytochrome P450 proteins are monooxygenases which catalyze many reactions involved in drug metabolism and synthesis of cholesterol, steroids and other lipids. This protein localizes to the endoplasmic reticulum and is known to metabolize many xenobiotics, including the anticonvulsive drug mephenytoin, omeprazole, diazepam and some barbiturates. Polymorphism within this gene is associated with variable ability to metabolize mephenytoin, known as the poor metabolizer and extensive metabolizer phenotypes. The gene is located within a cluster of cytochrome P450 genes on chromosome 10q24."
19,CYP2D6,Gene-to-Drug interactions,Gene-to-Drugs (pharmacogene),Cytochrome P450 enzyme with highly polymorphic activity affecting the metabolism of many drugs.,22q13.2,,,,"[{'drug_name': 'Codeine', 'mechanism': 'Prodrug bioactivation to morphine via CYP2D6', 'smiles': 'CN1CC[C@]23[C@@H]4[C@H]1CC5=C2C(=C(C=C5)OC)O[C@H]3[C@H](C=C4)O'}, {'drug_name': 'Metoprolol', 'mechanism': 'Major CYP2D6 substrate', 'smiles': 'CC(C)NCC(COC1=CC=C(C=C1)CCOC)O'}]",,,,,,No Description,"Gene Symbol CYP2D6 This gene encodes a member of the cytochrome P450 superfamily of enzymes. The cytochrome P450 proteins are monooxygenases which catalyze many reactions involved in drug metabolism and synthesis of cholesterol, steroids and other lipids. This protein localizes to the endoplasmic reticulum and is known to metabolize as many as 25% of commonly prescribed drugs. Its substrates include antidepressants, antipsychotics, analgesics and antitussives, beta adrenergic blocking agents, antiarrythmics and antiemetics. The gene is highly polymorphic in the human population; certain alleles result in the poor metabolizer phenotype, characterized by a decreased ability to metabolize the enzyme's substrates. Some individuals with the poor metabolizer phenotype have no functional protein since they carry 2 null alleles whereas in other individuals the gene is absent. This gene can vary in copy number and individuals with the ultrarapid metabolizer phenotype can have 3 or more active copies of the gene. Alternatively spliced transcript variants encoding different isoforms have been found for this gene."
20,EGFR,Gene-to-Gene interaction hubs,Interaction hub (RTK),Ligand-activated RTK driving proliferation/survival signaling; activating lung-cancer mutations are TKI-sensitive.,7p11.2,,"['ERBB2', 'ERBB3', 'ERBB4', 'MET', 'KRAS']",,"[{'drug_name': 'Gefitinib', 'mechanism': 'ATP-competitive EGFR TKI', 'smiles': 'COC1=CC2=NC=NC(NC3=CC(Cl)=C(F)C=C3)=C2C=C1OCCCN4CCOCC4'}]",ERBB2,"[-0.03973693 -0.02270128 -0.02191223 ... -0.02271421 -0.01126656
 -0.00112375]","[-0.05190114 -0.01332562 -0.02219239 ... -0.02688056 -0.01498177
  0.0006127 ]","[-0.02690916 -0.01469479 -0.00301002 ... -0.03201747  0.00762225
 -0.00866805]","[-0.04127831 -0.01497325 -0.02617773 ... -0.03618537 -0.00087694
 -0.00598103]","Gene Symbol ERBB2 This gene encodes a member of the epidermal growth factor (EGF) receptor family of receptor tyrosine kinases. This protein has no ligand binding domain of its own and therefore cannot bind growth factors. However, it does bind tightly to other ligand-bound EGF receptor family members to form a heterodimer, stabilizing ligand binding and enhancing kinase-mediated activation of downstream signalling pathways, such as those involving mitogen-activated protein kinase and phosphatidylinositol-3 kinase. Allelic variations at amino acid positions 654 and 655 of isoform a (positions 624 and 625 of isoform b) have been reported, with the most common allele, Ile654/Ile655, shown here. Amplification and/or overexpression of this gene has been reported in numerous cancers, including breast and ovarian tumors. Alternative splicing results in several additional transcript variants, some encoding different isoforms and others that have not been fully characterized.","Gene Symbol EGFR The protein encoded by this gene is a transmembrane glycoprotein that is a member of the protein kinase superfamily. This protein is a receptor for members of the epidermal growth factor family. EGFR is a cell surface protein that binds to epidermal growth factor, thus inducing receptor dimerization and tyrosine autophosphorylation leading to cell proliferation. Mutations in this gene are associated with lung cancer. EGFR is a component of the cytokine storm which contributes to a severe form of Coronavirus Disease 2019 (COVID-19) resulting from infection with severe acute respiratory syndrome coronavirus-2 (SARS-CoV-2)."
21,EGFR,Gene-to-Gene interaction hubs,Interaction hub (RTK),Ligand-activated RTK driving proliferation/survival signaling; activating lung-cancer mutations are TKI-sensitive.,7p11.2,,"['ERBB2', 'ERBB3', 'ERBB4', 'MET', 'KRAS']",,"[{'drug_name': 'Gefitinib', 'mechanism': 'ATP-competitive EGFR TKI', 'smiles': 'COC1=CC2=NC=NC(NC3=CC(Cl)=C(F)C=C3)=C2C=C1OCCCN4CCOCC4'}]",ERBB3,"[-0.03843002 -0.02428581 -0.02038618 ... -0.01714293 -0.00102719
 -0.01359079]","[-0.05184197 -0.02433399 -0.02768862 ... -0.02714672 -0.01335402
  0.00578674]","[-0.02690916 -0.01469479 -0.00301002 ... -0.03201747  0.00762225
 -0.00866805]","[-0.04127831 -0.01497325 -0.02617773 ... -0.03618537 -0.00087694
 -0.00598103]","Gene Symbol ERBB3 This gene encodes a member of the epidermal growth factor receptor (EGFR) family of receptor tyrosine kinases. This membrane-bound protein has a neuregulin binding domain but not an active kinase domain. It therefore can bind this ligand but not convey the signal into the cell through protein phosphorylation. However, it does form heterodimers with other EGF receptor family members which do have kinase activity. Heterodimerization leads to the activation of pathways which lead to cell proliferation or differentiation. Amplification of this gene and/or overexpression of its protein have been reported in numerous cancers, including prostate, bladder, and breast tumors. Alternate transcriptional splice variants encoding different isoforms have been characterized. One isoform lacks the intermembrane region and is secreted outside the cell. This form acts to modulate the activity of the membrane-bound form. Additional splice variants have also been reported, but they have not been thoroughly characterized.","Gene Symbol EGFR The protein encoded by this gene is a transmembrane glycoprotein that is a member of the protein kinase superfamily. This protein is a receptor for members of the epidermal growth factor family. EGFR is a cell surface protein that binds to epidermal growth factor, thus inducing receptor dimerization and tyrosine autophosphorylation leading to cell proliferation. Mutations in this gene are associated with lung cancer. EGFR is a component of the cytokine storm which contributes to a severe form of Coronavirus Disease 2019 (COVID-19) resulting from infection with severe acute respiratory syndrome coronavirus-2 (SARS-CoV-2)."
22,EGFR,Gene-to-Gene interaction hubs,Interaction hub (RTK),Ligand-activated RTK driving proliferation/survival signaling; activating lung-cancer mutations are TKI-sensitive.,7p11.2,,"['ERBB2', 'ERBB3', 'ERBB4', 'MET', 'KRAS']",,"[{'drug_name': 'Gefitinib', 'mechanism': 'ATP-competitive EGFR TKI', 'smiles': 'COC1=CC2=NC=NC(NC3=CC(Cl)=C(F)C=C3)=C2C=C1OCCCN4CCOCC4'}]",ERBB4,"[-0.04012247 -0.0167493  -0.02312035 ... -0.01822829 -0.00541034
 -0.00895613]","[-0.04282229 -0.02361277 -0.01911939 ... -0.0226729  -0.01279776
 -0.00425519]","[-0.02690916 -0.01469479 -0.00301002 ... -0.03201747  0.00762225
 -0.00866805]","[-0.04127831 -0.01497325 -0.02617773 ... -0.03618537 -0.00087694
 -0.00598103]","Gene Symbol ERBB4 This gene is a member of the Tyr protein kinase family and the epidermal growth factor receptor subfamily. It encodes a single-pass type I membrane protein with multiple cysteine rich domains, a transmembrane domain, a tyrosine kinase domain, a phosphotidylinositol-3 kinase binding site and a PDZ domain binding motif. The protein binds to and is activated by neuregulins and other factors and induces a variety of cellular responses including mitogenesis and differentiation. Multiple proteolytic events allow for the release of a cytoplasmic fragment and an extracellular fragment. Mutations in this gene have been associated with cancer. Alternatively spliced variants which encode different protein isoforms have been described; however, not all variants have been fully characterized.","Gene Symbol EGFR The protein encoded by this gene is a transmembrane glycoprotein that is a member of the protein kinase superfamily. This protein is a receptor for members of the epidermal growth factor family. EGFR is a cell surface protein that binds to epidermal growth factor, thus inducing receptor dimerization and tyrosine autophosphorylation leading to cell proliferation. Mutations in this gene are associated with lung cancer. EGFR is a component of the cytokine storm which contributes to a severe form of Coronavirus Disease 2019 (COVID-19) resulting from infection with severe acute respiratory syndrome coronavirus-2 (SARS-CoV-2)."
23,EGFR,Gene-to-Gene interaction hubs,Interaction hub (RTK),Ligand-activated RTK driving proliferation/survival signaling; activating lung-cancer mutations are TKI-sensitive.,7p11.2,,"['ERBB2', 'ERBB3', 'ERBB4', 'MET', 'KRAS']",,"[{'drug_name': 'Gefitinib', 'mechanism': 'ATP-competitive EGFR TKI', 'smiles': 'COC1=CC2=NC=NC(NC3=CC(Cl)=C(F)C=C3)=C2C=C1OCCCN4CCOCC4'}]",MET,"[-0.02402196 -0.02636453 -0.00732585 ... -0.01712204 -0.02576824
 -0.02008929]","[-0.03671875 -0.01523906 -0.02374548 ... -0.03519096 -0.02347359
  0.00198904]","[-0.02690916 -0.01469479 -0.00301002 ... -0.03201747  0.00762225
 -0.00866805]","[-0.04127831 -0.01497325 -0.02617773 ... -0.03618537 -0.00087694
 -0.00598103]","Gene Symbol MET This gene encodes a member of the receptor tyrosine kinase family of proteins and the product of the proto-oncogene MET. The encoded preproprotein is proteolytically processed to generate alpha and beta subunits that are linked via disulfide bonds to form the mature receptor. Further processing of the beta subunit results in the formation of the M10 peptide, which has been shown to reduce lung fibrosis. Binding of its ligand, hepatocyte growth factor, induces dimerization and activation of the receptor, which plays a role in cellular survival, embryogenesis, and cellular migration and invasion. Mutations in this gene are associated with papillary renal cell carcinoma, hepatocellular carcinoma, and various head and neck cancers. Amplification and overexpression of this gene are also associated with multiple human cancers.","Gene Symbol EGFR The protein encoded by this gene is a transmembrane glycoprotein that is a member of the protein kinase superfamily. This protein is a receptor for members of the epidermal growth factor family. EGFR is a cell surface protein that binds to epidermal growth factor, thus inducing receptor dimerization and tyrosine autophosphorylation leading to cell proliferation. Mutations in this gene are associated with lung cancer. EGFR is a component of the cytokine storm which contributes to a severe form of Coronavirus Disease 2019 (COVID-19) resulting from infection with severe acute respiratory syndrome coronavirus-2 (SARS-CoV-2)."
24,EGFR,Gene-to-Drug interactions,Gene-to-Drugs (oncogenic target),RTK with sensitizing lung-cancer mutations; predictive for EGFR TKIs.,,,,,"[{'drug_name': 'Gefitinib', 'mechanism': 'First-generation EGFR TKI', 'smiles': 'COC1=CC2=NC=NC(NC3=CC(Cl)=C(F)C=C3)=C2C=C1OCCCN4CCOCC4'}]",ERBB2,"[-0.03973693 -0.02270128 -0.02191223 ... -0.02271421 -0.01126656
 -0.00112375]","[-0.05190114 -0.01332562 -0.02219239 ... -0.02688056 -0.01498177
  0.0006127 ]","[-0.02690916 -0.01469479 -0.00301002 ... -0.03201747  0.00762225
 -0.00866805]","[-0.04127831 -0.01497325 -0.02617773 ... -0.03618537 -0.00087694
 -0.00598103]","Gene Symbol ERBB2 This gene encodes a member of the epidermal growth factor (EGF) receptor family of receptor tyrosine kinases. This protein has no ligand binding domain of its own and therefore cannot bind growth factors. However, it does bind tightly to other ligand-bound EGF receptor family members to form a heterodimer, stabilizing ligand binding and enhancing kinase-mediated activation of downstream signalling pathways, such as those involving mitogen-activated protein kinase and phosphatidylinositol-3 kinase. Allelic variations at amino acid positions 654 and 655 of isoform a (positions 624 and 625 of isoform b) have been reported, with the most common allele, Ile654/Ile655, shown here. Amplification and/or overexpression of this gene has been reported in numerous cancers, including breast and ovarian tumors. Alternative splicing results in several additional transcript variants, some encoding different isoforms and others that have not been fully characterized.","Gene Symbol EGFR The protein encoded by this gene is a transmembrane glycoprotein that is a member of the protein kinase superfamily. This protein is a receptor for members of the epidermal growth factor family. EGFR is a cell surface protein that binds to epidermal growth factor, thus inducing receptor dimerization and tyrosine autophosphorylation leading to cell proliferation. Mutations in this gene are associated with lung cancer. EGFR is a component of the cytokine storm which contributes to a severe form of Coronavirus Disease 2019 (COVID-19) resulting from infection with severe acute respiratory syndrome coronavirus-2 (SARS-CoV-2)."
25,EGFR,Gene-to-Drug interactions,Gene-to-Drugs (oncogenic target),RTK with sensitizing lung-cancer mutations; predictive for EGFR TKIs.,,,,,"[{'drug_name': 'Gefitinib', 'mechanism': 'First-generation EGFR TKI', 'smiles': 'COC1=CC2=NC=NC(NC3=CC(Cl)=C(F)C=C3)=C2C=C1OCCCN4CCOCC4'}]",ERBB3,"[-0.03843002 -0.02428581 -0.02038618 ... -0.01714293 -0.00102719
 -0.01359079]","[-0.05184197 -0.02433399 -0.02768862 ... -0.02714672 -0.01335402
  0.00578674]","[-0.02690916 -0.01469479 -0.00301002 ... -0.03201747  0.00762225
 -0.00866805]","[-0.04127831 -0.01497325 -0.02617773 ... -0.03618537 -0.00087694
 -0.00598103]","Gene Symbol ERBB3 This gene encodes a member of the epidermal growth factor receptor (EGFR) family of receptor tyrosine kinases. This membrane-bound protein has a neuregulin binding domain but not an active kinase domain. It therefore can bind this ligand but not convey the signal into the cell through protein phosphorylation. However, it does form heterodimers with other EGF receptor family members which do have kinase activity. Heterodimerization leads to the activation of pathways which lead to cell proliferation or differentiation. Amplification of this gene and/or overexpression of its protein have been reported in numerous cancers, including prostate, bladder, and breast tumors. Alternate transcriptional splice variants encoding different isoforms have been characterized. One isoform lacks the intermembrane region and is secreted outside the cell. This form acts to modulate the activity of the membrane-bound form. Additional splice variants have also been reported, but they have not been thoroughly characterized.","Gene Symbol EGFR The protein encoded by this gene is a transmembrane glycoprotein that is a member of the protein kinase superfamily. This protein is a receptor for members of the epidermal growth factor family. EGFR is a cell surface protein that binds to epidermal growth factor, thus inducing receptor dimerization and tyrosine autophosphorylation leading to cell proliferation. Mutations in this gene are associated with lung cancer. EGFR is a component of the cytokine storm which contributes to a severe form of Coronavirus Disease 2019 (COVID-19) resulting from infection with severe acute respiratory syndrome coronavirus-2 (SARS-CoV-2)."
26,EGFR,Gene-to-Drug interactions,Gene-to-Drugs (oncogenic target),RTK with sensitizing lung-cancer mutations; predictive for EGFR TKIs.,,,,,"[{'drug_name': 'Gefitinib', 'mechanism': 'First-generation EGFR TKI', 'smiles': 'COC1=CC2=NC=NC(NC3=CC(Cl)=C(F)C=C3)=C2C=C1OCCCN4CCOCC4'}]",ERBB4,"[-0.04012247 -0.0167493  -0.02312035 ... -0.01822829 -0.00541034
 -0.00895613]","[-0.04282229 -0.02361277 -0.01911939 ... -0.0226729  -0.01279776
 -0.00425519]","[-0.02690916 -0.01469479 -0.00301002 ... -0.03201747  0.00762225
 -0.00866805]","[-0.04127831 -0.01497325 -0.02617773 ... -0.03618537 -0.00087694
 -0.00598103]","Gene Symbol ERBB4 This gene is a member of the Tyr protein kinase family and the epidermal growth factor receptor subfamily. It encodes a single-pass type I membrane protein with multiple cysteine rich domains, a transmembrane domain, a tyrosine kinase domain, a phosphotidylinositol-3 kinase binding site and a PDZ domain binding motif. The protein binds to and is activated by neuregulins and other factors and induces a variety of cellular responses including mitogenesis and differentiation. Multiple proteolytic events allow for the release of a cytoplasmic fragment and an extracellular fragment. Mutations in this gene have been associated with cancer. Alternatively spliced variants which encode different protein isoforms have been described; however, not all variants have been fully characterized.","Gene Symbol EGFR The protein encoded by this gene is a transmembrane glycoprotein that is a member of the protein kinase superfamily. This protein is a receptor for members of the epidermal growth factor family. EGFR is a cell surface protein that binds to epidermal growth factor, thus inducing receptor dimerization and tyrosine autophosphorylation leading to cell proliferation. Mutations in this gene are associated with lung cancer. EGFR is a component of the cytokine storm which contributes to a severe form of Coronavirus Disease 2019 (COVID-19) resulting from infection with severe acute respiratory syndrome coronavirus-2 (SARS-CoV-2)."
27,EGFR,Gene-to-Drug interactions,Gene-to-Drugs (oncogenic target),RTK with sensitizing lung-cancer mutations; predictive for EGFR TKIs.,,,,,"[{'drug_name': 'Gefitinib', 'mechanism': 'First-generation EGFR TKI', 'smiles': 'COC1=CC2=NC=NC(NC3=CC(Cl)=C(F)C=C3)=C2C=C1OCCCN4CCOCC4'}]",MET,"[-0.02402196 -0.02636453 -0.00732585 ... -0.01712204 -0.02576824
 -0.02008929]","[-0.03671875 -0.01523906 -0.02374548 ... -0.03519096 -0.02347359
  0.00198904]","[-0.02690916 -0.01469479 -0.00301002 ... -0.03201747  0.00762225
 -0.00866805]","[-0.04127831 -0.01497325 -0.02617773 ... -0.03618537 -0.00087694
 -0.00598103]","Gene Symbol MET This gene encodes a member of the receptor tyrosine kinase family of proteins and the product of the proto-oncogene MET. The encoded preproprotein is proteolytically processed to generate alpha and beta subunits that are linked via disulfide bonds to form the mature receptor. Further processing of the beta subunit results in the formation of the M10 peptide, which has been shown to reduce lung fibrosis. Binding of its ligand, hepatocyte growth factor, induces dimerization and activation of the receptor, which plays a role in cellular survival, embryogenesis, and cellular migration and invasion. Mutations in this gene are associated with papillary renal cell carcinoma, hepatocellular carcinoma, and various head and neck cancers. Amplification and overexpression of this gene are also associated with multiple human cancers.","Gene Symbol EGFR The protein encoded by this gene is a transmembrane glycoprotein that is a member of the protein kinase superfamily. This protein is a receptor for members of the epidermal growth factor family. EGFR is a cell surface protein that binds to epidermal growth factor, thus inducing receptor dimerization and tyrosine autophosphorylation leading to cell proliferation. Mutations in this gene are associated with lung cancer. EGFR is a component of the cytokine storm which contributes to a severe form of Coronavirus Disease 2019 (COVID-19) resulting from infection with severe acute respiratory syndrome coronavirus-2 (SARS-CoV-2)."
28,ERBB2,Gene-to-Drug interactions,Gene-to-Drugs (oncogenic target),Amplified/overexpressed RTK; defines HER2+ cancers with multiple targeted therapies.,17q12,,,,"[{'drug_name': 'Neratinib', 'mechanism': 'Covalent pan-ERBB inhibitor', 'smiles': 'CCOC1=C(NC(=O)/C=C/CN(C)C)C=C2C(NC3=CC=C(OCC4=CC=CC=N4)C(Cl)=C3)=C(C#N)N=CC2=C1'}]",,,,,,No Description,"Gene Symbol ERBB2 This gene encodes a member of the epidermal growth factor (EGF) receptor family of receptor tyrosine kinases. This protein has no ligand binding domain of its own and therefore cannot bind growth factors. However, it does bind tightly to other ligand-bound EGF receptor family members to form a heterodimer, stabilizing ligand binding and enhancing kinase-mediated activation of downstream signalling pathways, such as those involving mitogen-activated protein kinase and phosphatidylinositol-3 kinase. Allelic variations at amino acid positions 654 and 655 of isoform a (positions 624 and 625 of isoform b) have been reported, with the most common allele, Ile654/Ile655, shown here. Amplification and/or overexpression of this gene has been reported in numerous cancers, including breast and ovarian tumors. Alternative splicing results in several additional transcript variants, some encoding different isoforms and others that have not been fully characterized."
29,HBB,Genome importance → disease,Disease gene (hemoglobinopathy),β-globin subunit of adult hemoglobin; point mutations cause sickle cell disease and β-thalassemia.,11p15.4,['NM_000518.5'],"['HBA1', 'HBA2', 'HBD', 'HBG1', 'BCL11A']",,"[{'drug_name': 'Hydroxyurea', 'mechanism': 'HbF induction'}, {'drug_name': 'Voxelotor', 'mechanism': 'Inhibits HbS polymerization'}]",HBA1,"[-0.01637231 -0.02451847 -0.00535967 ... -0.02786493  0.00194988
 -0.00175822]","[-0.0208567  -0.0131723  -0.00552089 ... -0.03007797 -0.00451499
 -0.00986768]","[-0.01766844 -0.02857318 -0.02138157 ... -0.01628809  0.00251396
 -0.00116294]","[-0.01823345 -0.01092571 -0.00492734 ... -0.03032814  0.00376489
 -0.00237061]","Gene Symbol HBA1 The human alpha globin gene cluster located on chromosome 16 spans about 30 kb and includes seven loci: 5'- zeta - pseudozeta - mu - pseudoalpha-1 - alpha-2 - alpha-1 - theta - 3'. The alpha-2 (HBA2) and alpha-1 (HBA1) coding sequences are identical. These genes differ slightly over the 5' untranslated regions and the introns, but they differ significantly over the 3' untranslated regions. Two alpha chains plus two beta chains constitute HbA, which in normal adult life comprises about 97% of the total hemoglobin; alpha chains combine with delta chains to constitute HbA-2, which with HbF (fetal hemoglobin) makes up the remaining 3% of adult hemoglobin. Alpha thalassemias result from deletions of each of the alpha genes as well as deletions of both HBA2 and HBA1; some nondeletion alpha thalassemias have also been reported.","Gene Symbol HBB The alpha (HBA) and beta (HBB) loci determine the structure of the 2 types of polypeptide chains in adult hemoglobin, Hb A. The normal adult hemoglobin tetramer consists of two alpha chains and two beta chains. Mutant beta globin causes sickle cell anemia. Absence of beta chain causes beta-zero-thalassemia. Reduced amounts of detectable beta globin causes beta-plus-thalassemia. The order of the genes in the beta-globin cluster is 5'-epsilon -- gamma-G -- gamma-A -- delta -- beta--3'."
30,HBB,Genome importance → disease,Disease gene (hemoglobinopathy),β-globin subunit of adult hemoglobin; point mutations cause sickle cell disease and β-thalassemia.,11p15.4,['NM_000518.5'],"['HBA1', 'HBA2', 'HBD', 'HBG1', 'BCL11A']",,"[{'drug_name': 'Hydroxyurea', 'mechanism': 'HbF induction'}, {'drug_name': 'Voxelotor', 'mechanism': 'Inhibits HbS polymerization'}]",HBA2,"[-0.02935298 -0.0245774  -0.0065042  ... -0.02559978 -0.00918121
  0.0022045 ]","[-0.02210196 -0.01312635 -0.00601128 ... -0.02918728 -0.00534704
 -0.0091012 ]","[-0.01766844 -0.02857318 -0.02138157 ... -0.01628809  0.00251396
 -0.00116294]","[-0.01823345 -0.01092571 -0.00492734 ... -0.03032814  0.00376489
 -0.00237061]","Gene Symbol HBA2 The human alpha globin gene cluster located on chromosome 16 spans about 30 kb and includes seven loci: 5'- zeta - pseudozeta - mu - pseudoalpha-1 - alpha-2 - alpha-1 - theta - 3'. The alpha-2 (HBA2) and alpha-1 (HBA1) coding sequences are identical. These genes differ slightly over the 5' untranslated regions and the introns, but they differ significantly over the 3' untranslated regions. Two alpha chains plus two beta chains constitute HbA, which in normal adult life comprises about 97% of the total hemoglobin; alpha chains combine with delta chains to constitute HbA-2, which with HbF (fetal hemoglobin) makes up the remaining 3% of adult hemoglobin. Alpha thalassemias result from deletions of each of the alpha genes as well as deletions of both HBA2 and HBA1; some nondeletion alpha thalassemias have also been reported.","Gene Symbol HBB The alpha (HBA) and beta (HBB) loci determine the structure of the 2 types of polypeptide chains in adult hemoglobin, Hb A. The normal adult hemoglobin tetramer consists of two alpha chains and two beta chains. Mutant beta globin causes sickle cell anemia. Absence of beta chain causes beta-zero-thalassemia. Reduced amounts of detectable beta globin causes beta-plus-thalassemia. The order of the genes in the beta-globin cluster is 5'-epsilon -- gamma-G -- gamma-A -- delta -- beta--3'."
31,HBB,Genome importance → disease,Disease gene (hemoglobinopathy),β-globin subunit of adult hemoglobin; point mutations cause sickle cell disease and β-thalassemia.,11p15.4,['NM_000518.5'],"['HBA1', 'HBA2', 'HBD', 'HBG1', 'BCL11A']",,"[{'drug_name': 'Hydroxyurea', 'mechanism': 'HbF induction'}, {'drug_name': 'Voxelotor', 'mechanism': 'Inhibits HbS polymerization'}]",HBD,"[-0.00460725 -0.02261742 -0.00696799 ... -0.00984277 -0.00414716
  0.00431216]","[-0.03413737 -0.02417831 -0.00539856 ... -0.02018351 -0.00769627
  0.00766135]","[-0.01766844 -0.02857318 -0.02138157 ... -0.01628809  0.00251396
 -0.00116294]","[-0.01823345 -0.01092571 -0.00492734 ... -0.03032814  0.00376489
 -0.00237061]",Gene Symbol HBD,"Gene Symbol HBB The alpha (HBA) and beta (HBB) loci determine the structure of the 2 types of polypeptide chains in adult hemoglobin, Hb A. The normal adult hemoglobin tetramer consists of two alpha chains and two beta chains. Mutant beta globin causes sickle cell anemia. Absence of beta chain causes beta-zero-thalassemia. Reduced amounts of detectable beta globin causes beta-plus-thalassemia. The order of the genes in the beta-globin cluster is 5'-epsilon -- gamma-G -- gamma-A -- delta -- beta--3'."
32,HBB,Genome importance → disease,Disease gene (hemoglobinopathy),β-globin subunit of adult hemoglobin; point mutations cause sickle cell disease and β-thalassemia.,11p15.4,['NM_000518.5'],"['HBA1', 'HBA2', 'HBD', 'HBG1', 'BCL11A']",,"[{'drug_name': 'Hydroxyurea', 'mechanism': 'HbF induction'}, {'drug_name': 'Voxelotor', 'mechanism': 'Inhibits HbS polymerization'}]",HBG1,"[-0.00464011 -0.00958822 -0.02441246 ... -0.03789757 -0.00138098
 -0.00463341]","[-0.01171508 -0.01855711 -0.0236804  ... -0.05349821  0.01238677
  0.00594644]","[-0.01766844 -0.02857318 -0.02138157 ... -0.01628809  0.00251396
 -0.00116294]","[-0.01823345 -0.01092571 -0.00492734 ... -0.03032814  0.00376489
 -0.00237061]","Gene Symbol HBG1 The gamma globin genes (HBG1 and HBG2) are normally expressed in the fetal liver, spleen and bone marrow. Two gamma chains together with two alpha chains constitute fetal hemoglobin (HbF) which is normally replaced by adult hemoglobin (HbA) at birth. In some beta-thalassemias and related conditions, gamma chain production continues into adulthood. The two types of gamma chains differ at residue 136 where glycine is found in the G-gamma product (HBG2) and alanine is found in the A-gamma product (HBG1). The former is predominant at birth. The order of the genes in the beta-globin cluster is: 5'-epsilon -- gamma-G -- gamma-A -- delta -- beta--3'.","Gene Symbol HBB The alpha (HBA) and beta (HBB) loci determine the structure of the 2 types of polypeptide chains in adult hemoglobin, Hb A. The normal adult hemoglobin tetramer consists of two alpha chains and two beta chains. Mutant beta globin causes sickle cell anemia. Absence of beta chain causes beta-zero-thalassemia. Reduced amounts of detectable beta globin causes beta-plus-thalassemia. The order of the genes in the beta-globin cluster is 5'-epsilon -- gamma-G -- gamma-A -- delta -- beta--3'."
33,HBB,Genome importance → disease,Disease gene (hemoglobinopathy),β-globin subunit of adult hemoglobin; point mutations cause sickle cell disease and β-thalassemia.,11p15.4,['NM_000518.5'],"['HBA1', 'HBA2', 'HBD', 'HBG1', 'BCL11A']",,"[{'drug_name': 'Hydroxyurea', 'mechanism': 'HbF induction'}, {'drug_name': 'Voxelotor', 'mechanism': 'Inhibits HbS polymerization'}]",BCL11A,"[-0.02253124 -0.02362801  0.00270977 ... -0.03412183 -0.00844921
 -0.01791396]","[-0.03956091 -0.01732909 -0.00430945 ... -0.03194602 -0.01666409
  0.00013141]","[-0.01766844 -0.02857318 -0.02138157 ... -0.01628809  0.00251396
 -0.00116294]","[-0.01823345 -0.01092571 -0.00492734 ... -0.03032814  0.00376489
 -0.00237061]","Gene Symbol BCL11A This gene encodes a C2H2 type zinc-finger protein by its similarity to the mouse Bcl11a/Evi9 protein. The corresponding mouse gene is a common site of retroviral integration in myeloid leukemia, and may function as a leukemia disease gene, in part, through its interaction with BCL6. During hematopoietic cell differentiation, this gene is down-regulated. It is possibly involved in lymphoma pathogenesis since translocations associated with B-cell malignancies also deregulates its expression. Multiple transcript variants encoding several different isoforms have been found for this gene.","Gene Symbol HBB The alpha (HBA) and beta (HBB) loci determine the structure of the 2 types of polypeptide chains in adult hemoglobin, Hb A. The normal adult hemoglobin tetramer consists of two alpha chains and two beta chains. Mutant beta globin causes sickle cell anemia. Absence of beta chain causes beta-zero-thalassemia. Reduced amounts of detectable beta globin causes beta-plus-thalassemia. The order of the genes in the beta-globin cluster is 5'-epsilon -- gamma-G -- gamma-A -- delta -- beta--3'."
34,MAPK3,Gene-to-Gene interaction hubs,Interaction hub (MAP kinase),"ERK1 kinase in the canonical MAPK cascade, controlling proliferation/differentiation in response to RTK/RAS signals.",16p11.2,,"['MAPK1', 'MAP2K1', 'MAP2K2', 'BRAF', 'KRAS']",,,KRAS,"[-0.01008843 -0.00871488  0.00258469 ...  0.00605914  0.00539267
  0.01406019]","[-0.03938079 -0.00399591 -0.00489302 ... -0.0087805  -0.00564226
  0.01378854]","[-0.03704365 -0.01392078 -0.01215617 ... -0.0094243  -0.00606502
 -0.00444092]","[-0.04419659 -0.02888599 -0.0189341  ... -0.02142208 -0.00571915
 -0.00172404]","Gene Symbol KRAS This gene, a Kirsten ras oncogene homolog from the mammalian ras gene family, encodes a protein that is a member of the small GTPase superfamily. A single amino acid substitution is responsible for an activating mutation. The transforming protein that results is implicated in various malignancies, including lung adenocarcinoma, mucinous adenoma, ductal carcinoma of the pancreas and colorectal carcinoma. Alternative splicing leads to variants encoding two isoforms that differ in the C-terminal region.","Gene Symbol MAPK3 The protein encoded by this gene is a member of the MAP kinase family. MAP kinases, also known as extracellular signal-regulated kinases (ERKs), act in a signaling cascade that regulates various cellular processes such as proliferation, differentiation, and cell cycle progression in response to a variety of extracellular signals. This kinase is activated by upstream kinases, resulting in its translocation to the nucleus where it phosphorylates nuclear targets. Alternatively spliced transcript variants encoding different protein isoforms have been described."
35,MAPK3,Gene-to-Gene interaction hubs,Interaction hub (MAP kinase),"ERK1 kinase in the canonical MAPK cascade, controlling proliferation/differentiation in response to RTK/RAS signals.",16p11.2,,"['MAPK1', 'MAP2K1', 'MAP2K2', 'BRAF', 'KRAS']",,,MAPK1,"[-0.03283268 -0.01579859 -0.01669236 ... -0.01116548 -0.00612491
 -0.00412051]","[-0.03841352 -0.0214269  -0.01474067 ... -0.01786435 -0.00156587
 -0.00189422]","[-0.03704365 -0.01392078 -0.01215617 ... -0.0094243  -0.00606502
 -0.00444092]","[-0.04419659 -0.02888599 -0.0189341  ... -0.02142208 -0.00571915
 -0.00172404]","Gene Symbol MAPK1 This gene encodes a member of the MAP kinase family. MAP kinases, also known as extracellular signal-regulated kinases (ERKs), act as an integration point for multiple biochemical signals, and are involved in a wide variety of cellular processes such as proliferation, differentiation, transcription regulation and development. The activation of this kinase requires its phosphorylation by upstream kinases. Upon activation, this kinase translocates to the nucleus of the stimulated cells, where it phosphorylates nuclear targets. One study also suggests that this protein acts as a transcriptional repressor independent of its kinase activity. The encoded protein has been identified as a moonlighting protein based on its ability to perform mechanistically distinct functions. Two alternatively spliced transcript variants encoding the same protein, but differing in the UTRs, have been reported for this gene.","Gene Symbol MAPK3 The protein encoded by this gene is a member of the MAP kinase family. MAP kinases, also known as extracellular signal-regulated kinases (ERKs), act in a signaling cascade that regulates various cellular processes such as proliferation, differentiation, and cell cycle progression in response to a variety of extracellular signals. This kinase is activated by upstream kinases, resulting in its translocation to the nucleus where it phosphorylates nuclear targets. Alternatively spliced transcript variants encoding different protein isoforms have been described."
36,MAPK3,Gene-to-Gene interaction hubs,Interaction hub (MAP kinase),"ERK1 kinase in the canonical MAPK cascade, controlling proliferation/differentiation in response to RTK/RAS signals.",16p11.2,,"['MAPK1', 'MAP2K1', 'MAP2K2', 'BRAF', 'KRAS']",,,MAP2K1,"[-0.0287665  -0.00574868 -0.0039128  ... -0.00709917 -0.02031353
 -0.00911996]","[-0.04568613 -0.0192302  -0.01684724 ... -0.01947362 -0.01170339
 -0.00193615]","[-0.03704365 -0.01392078 -0.01215617 ... -0.0094243  -0.00606502
 -0.00444092]","[-0.04419659 -0.02888599 -0.0189341  ... -0.02142208 -0.00571915
 -0.00172404]","Gene Symbol MAP2K1 The protein encoded by this gene is a member of the dual specificity protein kinase family, which acts as a mitogen-activated protein (MAP) kinase kinase. MAP kinases, also known as extracellular signal-regulated kinases (ERKs), act as an integration point for multiple biochemical signals. This protein kinase lies upstream of MAP kinases and stimulates the enzymatic activity of MAP kinases upon wide variety of extra- and intracellular signals. As an essential component of MAP kinase signal transduction pathway, this kinase is involved in many cellular processes such as proliferation, differentiation, transcription regulation and development.","Gene Symbol MAPK3 The protein encoded by this gene is a member of the MAP kinase family. MAP kinases, also known as extracellular signal-regulated kinases (ERKs), act in a signaling cascade that regulates various cellular processes such as proliferation, differentiation, and cell cycle progression in response to a variety of extracellular signals. This kinase is activated by upstream kinases, resulting in its translocation to the nucleus where it phosphorylates nuclear targets. Alternatively spliced transcript variants encoding different protein isoforms have been described."
37,MAPK3,Gene-to-Gene interaction hubs,Interaction hub (MAP kinase),"ERK1 kinase in the canonical MAPK cascade, controlling proliferation/differentiation in response to RTK/RAS signals.",16p11.2,,"['MAPK1', 'MAP2K1', 'MAP2K2', 'BRAF', 'KRAS']",,,MAP2K2,"[-0.03017581 -0.00474059 -0.00509432 ... -0.00980516 -0.02310129
 -0.00653897]","[-0.05347928 -0.01422736 -0.01660508 ... -0.01194059 -0.01872295
 -0.00866635]","[-0.03704365 -0.01392078 -0.01215617 ... -0.0094243  -0.00606502
 -0.00444092]","[-0.04419659 -0.02888599 -0.0189341  ... -0.02142208 -0.00571915
 -0.00172404]","Gene Symbol MAP2K2 The protein encoded by this gene is a dual specificity protein kinase that belongs to the MAP kinase kinase family. This kinase is known to play a critical role in mitogen growth factor signal transduction. It phosphorylates and thus activates MAPK1/ERK2 and MAPK2/ERK3. The activation of this kinase itself is dependent on the Ser/Thr phosphorylation by MAP kinase kinase kinases. Mutations in this gene cause cardiofaciocutaneous syndrome (CFC syndrome), a disease characterized by heart defects, cognitive disability, and distinctive facial features similar to those found in Noonan syndrome. The inhibition or degradation of this kinase is also found to be involved in the pathogenesis of Yersinia and anthrax. A pseudogene, which is located on chromosome 7, has been identified for this gene.","Gene Symbol MAPK3 The protein encoded by this gene is a member of the MAP kinase family. MAP kinases, also known as extracellular signal-regulated kinases (ERKs), act in a signaling cascade that regulates various cellular processes such as proliferation, differentiation, and cell cycle progression in response to a variety of extracellular signals. This kinase is activated by upstream kinases, resulting in its translocation to the nucleus where it phosphorylates nuclear targets. Alternatively spliced transcript variants encoding different protein isoforms have been described."
38,MAPK3,Gene-to-Gene interaction hubs,Interaction hub (MAP kinase),"ERK1 kinase in the canonical MAPK cascade, controlling proliferation/differentiation in response to RTK/RAS signals.",16p11.2,,"['MAPK1', 'MAP2K1', 'MAP2K2', 'BRAF', 'KRAS']",,,BRAF,"[-0.03967857 -0.02324105 -0.02755168 ... -0.01100379 -0.00164489
 -0.00047432]","[-0.04342885 -0.0144891  -0.02779959 ... -0.01069067 -0.01148495
  0.00164139]","[-0.03704365 -0.01392078 -0.01215617 ... -0.0094243  -0.00606502
 -0.00444092]","[-0.04419659 -0.02888599 -0.0189341  ... -0.02142208 -0.00571915
 -0.00172404]","Gene Symbol BRAF This gene encodes a protein belonging to the RAF family of serine/threonine protein kinases. This protein plays a role in regulating the MAP kinase/ERK signaling pathway, which affects cell division, differentiation, and secretion. Mutations in this gene, most commonly the V600E mutation, are the most frequently identified cancer-causing mutations in melanoma, and have been identified in various other cancers as well, including non-Hodgkin lymphoma, colorectal cancer, thyroid carcinoma, non-small cell lung carcinoma, hairy cell leukemia and adenocarcinoma of lung. Mutations in this gene are also associated with cardiofaciocutaneous, Noonan, and Costello syndromes, which exhibit overlapping phenotypes. A pseudogene of this gene has been identified on the X chromosome.","Gene Symbol MAPK3 The protein encoded by this gene is a member of the MAP kinase family. MAP kinases, also known as extracellular signal-regulated kinases (ERKs), act in a signaling cascade that regulates various cellular processes such as proliferation, differentiation, and cell cycle progression in response to a variety of extracellular signals. This kinase is activated by upstream kinases, resulting in its translocation to the nucleus where it phosphorylates nuclear targets. Alternatively spliced transcript variants encoding different protein isoforms have been described."
39,MYC,Gene-to-Gene interaction hubs,Interaction hub (transcription factor),Global regulator of proliferation and metabolism via E-box transcription; broadly dysregulated in cancer.,8q24.21,,"['MYCN', 'MYCL', 'MAX', 'MXD1']",,,MYCN,"[-0.02427402 -0.01487592 -0.00455385 ...  0.00096109 -0.00466935
 -0.0246436 ]","[-0.05064527 -0.01325141 -0.00704262 ... -0.00640121 -0.0289145
 -0.00180876]","[-0.01787887 -0.02631487 -0.00856526 ... -0.00399349  0.0023301
 -0.01639577]","[-0.04821786 -0.02979015 -0.01801909 ... -0.01323421 -0.00964884
 -0.00450148]","Gene Symbol MYCN This gene is a member of the MYC family and encodes a protein with a basic helix-loop-helix (bHLH) domain. This protein is located in the nucleus and must dimerize with another bHLH protein in order to bind DNA. Amplification of this gene is associated with a variety of tumors, most notably neuroblastomas. Multiple alternatively spliced transcript variants encoding different isoforms have been found for this gene.","Gene Symbol MYC This gene is a proto-oncogene and encodes a nuclear phosphoprotein that plays a role in cell cycle progression, apoptosis and cellular transformation. The encoded protein forms a heterodimer with the related transcription factor MAX. This complex binds to the E box DNA consensus sequence and regulates the transcription of specific target genes. Amplification of this gene is frequently observed in numerous human cancers. Translocations involving this gene are associated with Burkitt lymphoma and multiple myeloma in human patients. There is evidence to show that translation initiates both from an upstream, in-frame non-AUG (CUG) and a downstream AUG start site, resulting in the production of two isoforms with distinct N-termini."
40,MYC,Gene-to-Gene interaction hubs,Interaction hub (transcription factor),Global regulator of proliferation and metabolism via E-box transcription; broadly dysregulated in cancer.,8q24.21,,"['MYCN', 'MYCL', 'MAX', 'MXD1']",,,MYCL,"[-0.01295644 -0.02158235 -0.00129793 ... -0.02273529 -0.01339231
 -0.03253522]","[-0.04178021 -0.02137653 -0.0124302  ...  0.00112076 -0.00096628
 -0.01831335]","[-0.01787887 -0.02631487 -0.00856526 ... -0.00399349  0.0023301
 -0.01639577]","[-0.04821786 -0.02979015 -0.01801909 ... -0.01323421 -0.00964884
 -0.00450148]","Gene Symbol MYCL Predicted to enable DNA-binding transcription factor activity, RNA polymerase II-specific and RNA polymerase II cis-regulatory region sequence-specific DNA binding activity. Predicted to be involved in regulation of transcription by RNA polymerase II. Predicted to act upstream of or within regulation of inner ear auditory receptor cell differentiation. Located in chromosome and nucleoplasm.","Gene Symbol MYC This gene is a proto-oncogene and encodes a nuclear phosphoprotein that plays a role in cell cycle progression, apoptosis and cellular transformation. The encoded protein forms a heterodimer with the related transcription factor MAX. This complex binds to the E box DNA consensus sequence and regulates the transcription of specific target genes. Amplification of this gene is frequently observed in numerous human cancers. Translocations involving this gene are associated with Burkitt lymphoma and multiple myeloma in human patients. There is evidence to show that translation initiates both from an upstream, in-frame non-AUG (CUG) and a downstream AUG start site, resulting in the production of two isoforms with distinct N-termini."
41,MYC,Gene-to-Gene interaction hubs,Interaction hub (transcription factor),Global regulator of proliferation and metabolism via E-box transcription; broadly dysregulated in cancer.,8q24.21,,"['MYCN', 'MYCL', 'MAX', 'MXD1']",,,MAX,"[-0.00814302 -0.01192634 -0.00980561 ... -0.01185245 -0.01125392
 -0.02506454]","[-0.05239242 -0.00561721 -0.02548997 ... -0.01099247 -0.01413785
 -0.01195374]","[-0.01787887 -0.02631487 -0.00856526 ... -0.00399349  0.0023301
 -0.01639577]","[-0.04821786 -0.02979015 -0.01801909 ... -0.01323421 -0.00964884
 -0.00450148]","Gene Symbol MAX The protein encoded by this gene is a member of the basic helix-loop-helix leucine zipper (bHLHZ) family of transcription factors. It is able to form homodimers and heterodimers with other family members, which include Mad, Mxi1 and Myc. Myc is an oncoprotein implicated in cell proliferation, differentiation and apoptosis. The homodimers and heterodimers compete for a common DNA target site (the E box) and rearrangement among these dimer forms provides a complex system of transcriptional regulation. Mutations of this gene have been reported to be associated with hereditary pheochromocytoma. A pseudogene of this gene is located on the long arm of chromosome 7. Alternative splicing results in multiple transcript variants.","Gene Symbol MYC This gene is a proto-oncogene and encodes a nuclear phosphoprotein that plays a role in cell cycle progression, apoptosis and cellular transformation. The encoded protein forms a heterodimer with the related transcription factor MAX. This complex binds to the E box DNA consensus sequence and regulates the transcription of specific target genes. Amplification of this gene is frequently observed in numerous human cancers. Translocations involving this gene are associated with Burkitt lymphoma and multiple myeloma in human patients. There is evidence to show that translation initiates both from an upstream, in-frame non-AUG (CUG) and a downstream AUG start site, resulting in the production of two isoforms with distinct N-termini."
42,MYC,Gene-to-Gene interaction hubs,Interaction hub (transcription factor),Global regulator of proliferation and metabolism via E-box transcription; broadly dysregulated in cancer.,8q24.21,,"['MYCN', 'MYCL', 'MAX', 'MXD1']",,,MXD1,"[-0.02109301 -0.00153636 -0.01426251 ... -0.01712303 -0.01225747
 -0.02692099]","[-0.03962741 -0.01072256 -0.00552902 ... -0.01385381 -0.0190901
 -0.00629868]","[-0.01787887 -0.02631487 -0.00856526 ... -0.00399349  0.0023301
 -0.01639577]","[-0.04821786 -0.02979015 -0.01801909 ... -0.01323421 -0.00964884
 -0.00450148]","Gene Symbol MXD1 This gene encodes a member of the MYC/MAX/MAD network of basic helix-loop-helix leucine zipper transcription factors. The MYC/MAX/MAD transcription factors mediate cellular proliferation, differentiation and apoptosis. The encoded protein antagonizes MYC-mediated transcriptional activation of target genes by competing for the binding partner MAX and recruiting repressor complexes containing histone deacetylases. Mutations in this gene may play a role in acute leukemia, and the encoded protein is a potential tumor suppressor. Alternatively spliced transcript variants encoding multiple isoforms have been observed for this gene.","Gene Symbol MYC This gene is a proto-oncogene and encodes a nuclear phosphoprotein that plays a role in cell cycle progression, apoptosis and cellular transformation. The encoded protein forms a heterodimer with the related transcription factor MAX. This complex binds to the E box DNA consensus sequence and regulates the transcription of specific target genes. Amplification of this gene is frequently observed in numerous human cancers. Translocations involving this gene are associated with Burkitt lymphoma and multiple myeloma in human patients. There is evidence to show that translation initiates both from an upstream, in-frame non-AUG (CUG) and a downstream AUG start site, resulting in the production of two isoforms with distinct N-termini."
43,SRC,Gene-to-Gene interaction hubs,Interaction hub (non-receptor tyrosine kinase),"Pleiotropic kinase activated downstream of many receptors; controls adhesion, migration, proliferation.",20q11.23,,"['YES1', 'FYN', 'LYN', 'ABL1', 'PTK2']",,,YES1,"[ 0.0095252  -0.01563074 -0.00998828 ... -0.01716959  0.0041036
 -0.03621999]","[-0.03127978 -0.0270792  -0.03083066 ... -0.01721181  0.00244869
 -0.01336788]","[ 0.00452893 -0.01708579 -0.00244435 ... -0.02858449 -0.01611228
 -0.00232443]","[-0.03037352 -0.0288403  -0.02278675 ... -0.00929842 -0.01664067
  0.01461841]","Gene Symbol YES1 This gene is the cellular homolog of the Yamaguchi sarcoma virus oncogene. The encoded protein has tyrosine kinase activity and belongs to the src family of proteins. This gene lies in close proximity to thymidylate synthase gene on chromosome 18, and a corresponding pseudogene has been found on chromosome 22.",Gene Symbol SRC This gene is highly similar to the v-src gene of Rous sarcoma virus. This proto-oncogene may play a role in the regulation of embryonic development and cell growth. The protein encoded by this gene is a tyrosine-protein kinase whose activity can be inhibited by phosphorylation by c-SRC kinase. Mutations in this gene could be involved in the malignant progression of colon cancer. Two transcript variants encoding the same protein have been found for this gene.
44,SRC,Gene-to-Gene interaction hubs,Interaction hub (non-receptor tyrosine kinase),"Pleiotropic kinase activated downstream of many receptors; controls adhesion, migration, proliferation.",20q11.23,,"['YES1', 'FYN', 'LYN', 'ABL1', 'PTK2']",,,FYN,"[ 0.00241069 -0.04063788 -0.02311192 ... -0.00603284  0.0092308
 -0.01892245]","[-0.03756614 -0.03454418 -0.02430597 ... -0.01621701 -0.00361789
 -0.00527867]","[ 0.00452893 -0.01708579 -0.00244435 ... -0.02858449 -0.01611228
 -0.00232443]","[-0.03037352 -0.0288403  -0.02278675 ... -0.00929842 -0.01664067
  0.01461841]",Gene Symbol FYN This gene is a member of the protein-tyrosine kinase oncogene family. It encodes a membrane-associated tyrosine kinase that has been implicated in the control of cell growth. The protein associates with the p85 subunit of phosphatidylinositol 3-kinase and interacts with the fyn-binding protein. Alternatively spliced transcript variants encoding distinct isoforms exist.,Gene Symbol SRC This gene is highly similar to the v-src gene of Rous sarcoma virus. This proto-oncogene may play a role in the regulation of embryonic development and cell growth. The protein encoded by this gene is a tyrosine-protein kinase whose activity can be inhibited by phosphorylation by c-SRC kinase. Mutations in this gene could be involved in the malignant progression of colon cancer. Two transcript variants encoding the same protein have been found for this gene.
45,SRC,Gene-to-Gene interaction hubs,Interaction hub (non-receptor tyrosine kinase),"Pleiotropic kinase activated downstream of many receptors; controls adhesion, migration, proliferation.",20q11.23,,"['YES1', 'FYN', 'LYN', 'ABL1', 'PTK2']",,,LYN,"[-0.01253645 -0.01225816 -0.00012569 ... -0.00851445 -0.02288632
 -0.01978534]","[-0.03283723 -0.00876044 -0.00913213 ... -0.01967414 -0.0170082
 -0.00758127]","[ 0.00452893 -0.01708579 -0.00244435 ... -0.02858449 -0.01611228
 -0.00232443]","[-0.03037352 -0.0288403  -0.02278675 ... -0.00929842 -0.01664067
  0.01461841]","Gene Symbol LYN This gene encodes a tyrosine protein kinase, which maybe involved in the regulation of mast cell degranulation, and erythroid differentiation. Alternatively spliced transcript variants encoding different isoforms have been found for this gene.",Gene Symbol SRC This gene is highly similar to the v-src gene of Rous sarcoma virus. This proto-oncogene may play a role in the regulation of embryonic development and cell growth. The protein encoded by this gene is a tyrosine-protein kinase whose activity can be inhibited by phosphorylation by c-SRC kinase. Mutations in this gene could be involved in the malignant progression of colon cancer. Two transcript variants encoding the same protein have been found for this gene.
46,SRC,Gene-to-Gene interaction hubs,Interaction hub (non-receptor tyrosine kinase),"Pleiotropic kinase activated downstream of many receptors; controls adhesion, migration, proliferation.",20q11.23,,"['YES1', 'FYN', 'LYN', 'ABL1', 'PTK2']",,,ABL1,"[-0.01001292 -0.00940502 -0.01544212 ... -0.0152325  -0.01164098
 -0.00320197]","[-0.03580018 -0.01684484 -0.02829621 ... -0.02694133 -0.02040141
  0.01093677]","[ 0.00452893 -0.01708579 -0.00244435 ... -0.02858449 -0.01611228
 -0.00232443]","[-0.03037352 -0.0288403  -0.02278675 ... -0.00929842 -0.01664067
  0.01461841]","Gene Symbol ABL1 This gene is a protooncogene that encodes a protein tyrosine kinase involved in a variety of cellular processes, including cell division, adhesion, differentiation, and response to stress. The activity of the protein is negatively regulated by its SH3 domain, whereby deletion of the region encoding this domain results in an oncogene. The ubiquitously expressed protein has DNA-binding activity that is regulated by CDC2-mediated phosphorylation, suggesting a cell cycle function. This gene has been found fused to a variety of translocation partner genes in various leukemias, most notably the t(9;22) translocation that results in a fusion with the 5' end of the breakpoint cluster region gene (BCR; MIM:151410). Alternative splicing of this gene results in two transcript variants, which contain alternative first exons that are spliced to the remaining common exons.",Gene Symbol SRC This gene is highly similar to the v-src gene of Rous sarcoma virus. This proto-oncogene may play a role in the regulation of embryonic development and cell growth. The protein encoded by this gene is a tyrosine-protein kinase whose activity can be inhibited by phosphorylation by c-SRC kinase. Mutations in this gene could be involved in the malignant progression of colon cancer. Two transcript variants encoding the same protein have been found for this gene.
47,SRC,Gene-to-Gene interaction hubs,Interaction hub (non-receptor tyrosine kinase),"Pleiotropic kinase activated downstream of many receptors; controls adhesion, migration, proliferation.",20q11.23,,"['YES1', 'FYN', 'LYN', 'ABL1', 'PTK2']",,,PTK2,"[-0.00884924 -0.01605117 -0.00940062 ...  0.00333548 -0.01583334
 -0.00349886]","[-0.03978599 -0.01066296 -0.02747067 ... -0.01723371 -0.02221664
 -0.00857167]","[ 0.00452893 -0.01708579 -0.00244435 ... -0.02858449 -0.01611228
 -0.00232443]","[-0.03037352 -0.0288403  -0.02278675 ... -0.00929842 -0.01664067
  0.01461841]",Gene Symbol PTK2 This gene encodes a cytoplasmic protein tyrosine kinase which is found concentrated in the focal adhesions that form between cells growing in the presence of extracellular matrix constituents. The encoded protein is a member of the FAK subfamily of protein tyrosine kinases but lacks significant sequence similarity to kinases from other subfamilies. Activation of this gene may be an important early step in cell growth and intracellular signal transduction pathways triggered in response to certain neural peptides or to cell interactions with the extracellular matrix. Several transcript variants encoding different isoforms have been found for this gene.,Gene Symbol SRC This gene is highly similar to the v-src gene of Rous sarcoma virus. This proto-oncogene may play a role in the regulation of embryonic development and cell growth. The protein encoded by this gene is a tyrosine-protein kinase whose activity can be inhibited by phosphorylation by c-SRC kinase. Mutations in this gene could be involved in the malignant progression of colon cancer. Two transcript variants encoding the same protein have been found for this gene.
48,TP53,Genome importance → disease,Disease gene (tumour suppressor),Transcription factor regulating DNA damage responses; most commonly mutated in cancer; ‘guardian of the genome’.,17p13.1,['NM_000546'],"['ATM', 'ATR', 'CHEK1', 'CHEK2', 'RB1', 'MDM2']","['ATM–CHK2–p53 (G1 checkpoint)', 'ATR–CHK1–WEE1 (S/G2)']","[{'mechanism': 'DDR synthetic lethality in TP53/ATM mutant settings', 'agents_examples': ['ATR inhibitors', 'CHK1 inhibitors', 'WEE1 inhibitors', 'PARP inhibitor combinations']}]",ATM,"[-0.04853241 -0.0195451   0.00486907 ... -0.00651045 -0.00061466
 -0.01493411]","[-0.04752329 -0.02873804 -0.01124249 ... -0.0092363  -0.01361344
 -0.00317701]","[-0.02812712 -0.02880741  0.00575625 ... -0.00070563 -0.00561561
 -0.00297297]","[-0.03157945 -0.02399986 -0.00518603 ... -0.00146943 -0.0165361
  0.00477745]","Gene Symbol ATM The protein encoded by this gene belongs to the PI3/PI4-kinase family. This protein is an important cell cycle checkpoint kinase that phosphorylates; thus, it functions as a regulator of a wide variety of downstream proteins, including tumor suppressor proteins p53 and BRCA1, checkpoint kinase CHK2, checkpoint proteins RAD17 and RAD9, and DNA repair protein NBS1. This protein and the closely related kinase ATR are thought to be master controllers of cell cycle checkpoint signaling pathways that are required for cell response to DNA damage and for genome stability. Mutations in this gene are associated with ataxia telangiectasia, an autosomal recessive disorder.","Gene Symbol TP53 This gene encodes a tumor suppressor protein containing transcriptional activation, DNA binding, and oligomerization domains. The encoded protein responds to diverse cellular stresses to regulate expression of target genes, thereby inducing cell cycle arrest, apoptosis, senescence, DNA repair, or changes in metabolism. Mutations in this gene are associated with a variety of human cancers, including hereditary cancers such as Li-Fraumeni syndrome. Alternative splicing of this gene and the use of alternate promoters result in multiple transcript variants and isoforms. Additional isoforms have also been shown to result from the use of alternate translation initiation codons from identical transcript variants (PMIDs: 12032546, 20937277)."
49,TP53,Genome importance → disease,Disease gene (tumour suppressor),Transcription factor regulating DNA damage responses; most commonly mutated in cancer; ‘guardian of the genome’.,17p13.1,['NM_000546'],"['ATM', 'ATR', 'CHEK1', 'CHEK2', 'RB1', 'MDM2']","['ATM–CHK2–p53 (G1 checkpoint)', 'ATR–CHK1–WEE1 (S/G2)']","[{'mechanism': 'DDR synthetic lethality in TP53/ATM mutant settings', 'agents_examples': ['ATR inhibitors', 'CHK1 inhibitors', 'WEE1 inhibitors', 'PARP inhibitor combinations']}]",ATR,"[-0.04369815 -0.01790196 -0.01034367 ...  0.00281337 -0.00236897
 -0.01406683]","[-4.75202464e-02 -6.44842675e-03 -2.08999868e-02 ... -8.13843290e-05
 -7.83913583e-03 -1.61128666e-03]","[-0.02812712 -0.02880741  0.00575625 ... -0.00070563 -0.00561561
 -0.00297297]","[-0.03157945 -0.02399986 -0.00518603 ... -0.00146943 -0.0165361
  0.00477745]","Gene Symbol ATR The protein encoded by this gene is a serine/threonine kinase and DNA damage sensor, activating cell cycle checkpoint signaling upon DNA stress. The encoded protein can phosphorylate and activate several proteins involved in the inhibition of DNA replication and mitosis, and can promote DNA repair, recombination, and apoptosis. This protein is also important for fragile site stability and centrosome duplication. Defects in this gene are a cause of Seckel syndrome 1.","Gene Symbol TP53 This gene encodes a tumor suppressor protein containing transcriptional activation, DNA binding, and oligomerization domains. The encoded protein responds to diverse cellular stresses to regulate expression of target genes, thereby inducing cell cycle arrest, apoptosis, senescence, DNA repair, or changes in metabolism. Mutations in this gene are associated with a variety of human cancers, including hereditary cancers such as Li-Fraumeni syndrome. Alternative splicing of this gene and the use of alternate promoters result in multiple transcript variants and isoforms. Additional isoforms have also been shown to result from the use of alternate translation initiation codons from identical transcript variants (PMIDs: 12032546, 20937277)."
50,TP53,Genome importance → disease,Disease gene (tumour suppressor),Transcription factor regulating DNA damage responses; most commonly mutated in cancer; ‘guardian of the genome’.,17p13.1,['NM_000546'],"['ATM', 'ATR', 'CHEK1', 'CHEK2', 'RB1', 'MDM2']","['ATM–CHK2–p53 (G1 checkpoint)', 'ATR–CHK1–WEE1 (S/G2)']","[{'mechanism': 'DDR synthetic lethality in TP53/ATM mutant settings', 'agents_examples': ['ATR inhibitors', 'CHK1 inhibitors', 'WEE1 inhibitors', 'PARP inhibitor combinations']}]",CHEK1,"[-0.01294401 -0.00150974 -0.00892032 ...  0.00016442  0.01303267
 -0.01344868]","[-0.03777657 -0.01354403 -0.0226345  ... -0.00270488  0.00155301
 -0.00112976]","[-0.02812712 -0.02880741  0.00575625 ... -0.00070563 -0.00561561
 -0.00297297]","[-0.03157945 -0.02399986 -0.00518603 ... -0.00146943 -0.0165361
  0.00477745]","Gene Symbol CHEK1 The protein encoded by this gene belongs to the Ser/Thr protein kinase family. It is required for checkpoint mediated cell cycle arrest in response to DNA damage or the presence of unreplicated DNA. This protein acts to integrate signals from ATM and ATR, two cell cycle proteins involved in DNA damage responses, that also associate with chromatin in meiotic prophase I. Phosphorylation of CDC25A protein phosphatase by this protein is required for cells to delay cell cycle progression in response to double-strand DNA breaks. Several alternatively spliced transcript variants have been found for this gene.","Gene Symbol TP53 This gene encodes a tumor suppressor protein containing transcriptional activation, DNA binding, and oligomerization domains. The encoded protein responds to diverse cellular stresses to regulate expression of target genes, thereby inducing cell cycle arrest, apoptosis, senescence, DNA repair, or changes in metabolism. Mutations in this gene are associated with a variety of human cancers, including hereditary cancers such as Li-Fraumeni syndrome. Alternative splicing of this gene and the use of alternate promoters result in multiple transcript variants and isoforms. Additional isoforms have also been shown to result from the use of alternate translation initiation codons from identical transcript variants (PMIDs: 12032546, 20937277)."
51,TP53,Genome importance → disease,Disease gene (tumour suppressor),Transcription factor regulating DNA damage responses; most commonly mutated in cancer; ‘guardian of the genome’.,17p13.1,['NM_000546'],"['ATM', 'ATR', 'CHEK1', 'CHEK2', 'RB1', 'MDM2']","['ATM–CHK2–p53 (G1 checkpoint)', 'ATR–CHK1–WEE1 (S/G2)']","[{'mechanism': 'DDR synthetic lethality in TP53/ATM mutant settings', 'agents_examples': ['ATR inhibitors', 'CHK1 inhibitors', 'WEE1 inhibitors', 'PARP inhibitor combinations']}]",RB1,"[ 0.00311515 -0.02168613 -0.00703908 ... -0.0373133  -0.01906789
  0.01084306]","[-0.04077324 -0.02084519 -0.02328215 ... -0.00445794 -0.01548649
  0.02020319]","[-0.02812712 -0.02880741  0.00575625 ... -0.00070563 -0.00561561
 -0.00297297]","[-0.03157945 -0.02399986 -0.00518603 ... -0.00146943 -0.0165361
  0.00477745]","Gene Symbol RB1 The protein encoded by this gene is a negative regulator of the cell cycle and was the first tumor suppressor gene found. The encoded protein also stabilizes constitutive heterochromatin to maintain the overall chromatin structure. The active, hypophosphorylated form of the protein binds transcription factor E2F1. Defects in this gene are a cause of childhood cancer retinoblastoma (RB), bladder cancer, and osteogenic sarcoma.","Gene Symbol TP53 This gene encodes a tumor suppressor protein containing transcriptional activation, DNA binding, and oligomerization domains. The encoded protein responds to diverse cellular stresses to regulate expression of target genes, thereby inducing cell cycle arrest, apoptosis, senescence, DNA repair, or changes in metabolism. Mutations in this gene are associated with a variety of human cancers, including hereditary cancers such as Li-Fraumeni syndrome. Alternative splicing of this gene and the use of alternate promoters result in multiple transcript variants and isoforms. Additional isoforms have also been shown to result from the use of alternate translation initiation codons from identical transcript variants (PMIDs: 12032546, 20937277)."
52,TP53,Genome importance → disease,Disease gene (tumour suppressor),Transcription factor regulating DNA damage responses; most commonly mutated in cancer; ‘guardian of the genome’.,17p13.1,['NM_000546'],"['ATM', 'ATR', 'CHEK1', 'CHEK2', 'RB1', 'MDM2']","['ATM–CHK2–p53 (G1 checkpoint)', 'ATR–CHK1–WEE1 (S/G2)']","[{'mechanism': 'DDR synthetic lethality in TP53/ATM mutant settings', 'agents_examples': ['ATR inhibitors', 'CHK1 inhibitors', 'WEE1 inhibitors', 'PARP inhibitor combinations']}]",MDM2,"[-0.03213239 -0.00696202 -0.02662972 ... -0.00901715 -0.02466161
  0.00481316]","[-0.05069543 -0.00847743 -0.01754041 ... -0.00760562 -0.01202975
 -0.00141345]","[-0.02812712 -0.02880741  0.00575625 ... -0.00070563 -0.00561561
 -0.00297297]","[-0.03157945 -0.02399986 -0.00518603 ... -0.00146943 -0.0165361
  0.00477745]","Gene Symbol MDM2 This gene encodes a nuclear-localized E3 ubiquitin ligase. The encoded protein can promote tumor formation by targeting tumor suppressor proteins, such as p53, for proteasomal degradation. This gene is itself transcriptionally-regulated by p53. Overexpression or amplification of this locus is detected in a variety of different cancers. There is a pseudogene for this gene on chromosome 2. Alternative splicing results in a multitude of transcript variants, many of which may be expressed only in tumor cells.","Gene Symbol TP53 This gene encodes a tumor suppressor protein containing transcriptional activation, DNA binding, and oligomerization domains. The encoded protein responds to diverse cellular stresses to regulate expression of target genes, thereby inducing cell cycle arrest, apoptosis, senescence, DNA repair, or changes in metabolism. Mutations in this gene are associated with a variety of human cancers, including hereditary cancers such as Li-Fraumeni syndrome. Alternative splicing of this gene and the use of alternate promoters result in multiple transcript variants and isoforms. Additional isoforms have also been shown to result from the use of alternate translation initiation codons from identical transcript variants (PMIDs: 12032546, 20937277)."
53,VKORC1,Gene-to-Drug interactions,Gene-to-Drugs (pharmacogene/target),Vitamin K epoxide reductase; pharmacodynamic target of warfarin.,16p11.2,,,,"[{'drug_name': 'Warfarin', 'mechanism': 'Inhibits VKORC1'}]",,,,,,No Description,"Gene Symbol VKORC1 This gene encodes the catalytic subunit of the vitamin K epoxide reductase complex, which is responsible for the reduction of inactive vitamin K 2,3-epoxide to active vitamin K in the endoplasmic reticulum membrane. Vitamin K is a required co-factor for carboxylation of glutamic acid residues by vitamin K-dependent gamma-carboxylase in blood-clotting enzymes. Allelic variation in this gene is associated with vitamin k-dependent clotting factors combined deficiency of 2, and increased resistance or sensitivity to warfarin, an inhibitor of vitamin K epoxide reductase. Pseudogenes of this gene are located on chromosomes 1 and X. Alternative splicing results in multiple transcript variants."
54,,,,,,,,,,LRCH2,"[-0.00559843  0.01799037 -0.01999678 ... -0.01289355 -0.00113618
  0.00468275]","[-0.01877975  0.01076336 -0.00505812 ... -0.01517435 -0.00214607
 -0.00631934]",,,"Gene Symbol LRCH2 This gene encodes a member of the leucine-rich repeat and calponin homology domain-containing protein family. These family members contain multiple N-terminal leucine-rich repeats, in addition to a C-terminal calponin homology domain, a type of domain that mediates interactions with actin filaments. These proteins are conserved across animal species, and studies of a similar Drosophila protein indicate a function as a cytoskeletal scaffolding protein. Alternative splicing of this gene results in multiple transcript variants.",No Description
55,,,,,,,,,,MIR941-2,"[-0.02464362 -0.01088561  0.00221974 ... -0.01551635 -0.01467074
 -0.01779817]","[-0.05989604 -0.02974113  0.00669822 ... -0.01943518 -0.0189826
 -0.0201981 ]",,,"Gene Symbol MIR941-2 microRNAs (miRNAs) are short (20-24 nt) non-coding RNAs that are involved in post-transcriptional regulation of gene expression in multicellular organisms by affecting both the stability and translation of mRNAs. miRNAs are transcribed by RNA polymerase II as part of capped and polyadenylated primary transcripts (pri-miRNAs) that can be either protein-coding or non-coding. The primary transcript is cleaved by the Drosha ribonuclease III enzyme to produce an approximately 70-nt stem-loop precursor miRNA (pre-miRNA), which is further cleaved by the cytoplasmic Dicer ribonuclease to generate the mature miRNA and antisense miRNA star (miRNA*) products. The mature miRNA is incorporated into a RNA-induced silencing complex (RISC), which recognizes target mRNAs through imperfect base pairing with the miRNA and most commonly results in translational inhibition or destabilization of the target mRNA. The RefSeq represents the predicted microRNA stem-loop.",No Description
56,,,,,,,,,,ZNF736P11Y,"[-0.03585524 -0.0110344   0.00938317 ... -0.01752136 -0.00978287
 -0.024716  ]","[-0.03367648 -0.01260931  0.0211511  ... -0.02081537 -0.01735475
 -0.02675524]",,,Gene Symbol ZNF736P11Y,No Description
57,,,,,,,,,,FBXL12P1,"[-0.0037243   0.00436511 -0.02982193 ...  0.00398958 -0.0023841
 -0.02211839]","[-0.024817   -0.00480222 -0.01527917 ... -0.00632081  0.00119306
 -0.02613578]",,,Gene Symbol FBXL12P1,No Description
58,,,,,,,,,,MT1HL1,"[-0.01943573  0.00609477 -0.01106176 ... -0.0151542   0.00225895
 -0.00720567]","[-0.03299979  0.0003721  -0.02235931 ... -0.01621407 -0.01484991
 -0.01116017]",,,"Gene Symbol MT1HL1 This gene is a retrotransposed gene, compared to MT1H (GeneID:4496). This retrogene is transcribed. It retains a full-length CDS, and is assumed to be translated. Compared to the MT1H product, this protein product differs at three internal amino acids, two of which are at metal-binding sites.",No Description
59,,,,,,,,,,PIK3CB,"[-0.02481334 -0.03363762  0.00418824 ...  0.0025271  -0.00536042
  0.00209247]","[-3.23245116e-02 -4.00342382e-02 -4.59766202e-03 ... -1.84418764e-02
 -8.39489512e-03  6.29837305e-05]",,,Gene Symbol PIK3CB This gene encodes an isoform of the catalytic subunit of phosphoinositide 3-kinase (PI3K). These kinases are important in signaling pathways involving receptors on the outer membrane of eukaryotic cells and are named for their catalytic subunit. The encoded protein is the catalytic subunit for PI3Kbeta (PI3KB). PI3KB has been shown to be part of the activation pathway in neutrophils which have bound immune complexes at sites of injury or infection. Alternative splicing results in multiple transcript variants.,No Description
60,,,,,,,,,,THY1-AS1,"[-0.01446794 -0.01690219  0.00360667 ... -0.02072546 -0.00675606
 -0.01482551]","[-0.03514731 -0.02085516  0.00745796 ... -0.02538417 -0.01431928
 -0.01378366]",,,Gene Symbol THY1-AS1,No Description
61,,,,,,,,,,GPR27,"[-0.01719406  0.00348339  0.01053336 ... -0.01773969 -0.01190409
  0.00111123]","[-0.01914502 -0.01414775  0.01586263 ... -0.02057855 -0.01685405
 -0.00064141]",,,Gene Symbol GPR27,No Description
62,,,,,,,,,,MIR586,"[-0.01968605 -0.01618421 -0.00348833 ... -0.0164411  -0.01193873
 -0.00702397]","[-0.05902756 -0.02636738  0.00462859 ... -0.02250588 -0.01495192
 -0.02023059]",,,"Gene Symbol MIR586 microRNAs (miRNAs) are short (20-24 nt) non-coding RNAs that are involved in post-transcriptional regulation of gene expression in multicellular organisms by affecting both the stability and translation of mRNAs. miRNAs are transcribed by RNA polymerase II as part of capped and polyadenylated primary transcripts (pri-miRNAs) that can be either protein-coding or non-coding. The primary transcript is cleaved by the Drosha ribonuclease III enzyme to produce an approximately 70-nt stem-loop precursor miRNA (pre-miRNA), which is further cleaved by the cytoplasmic Dicer ribonuclease to generate the mature miRNA and antisense miRNA star (miRNA*) products. The mature miRNA is incorporated into a RNA-induced silencing complex (RISC), which recognizes target mRNAs through imperfect base pairing with the miRNA and most commonly results in translational inhibition or destabilization of the target mRNA. The RefSeq represents the predicted microRNA stem-loop.",No Description
63,,,,,,,,,,RNU6-1056P,"[ 0.00553486 -0.02030895 -0.00372108 ... -0.02093692  0.0109361
 -0.00713486]","[-0.01114391 -0.02841964  0.002686   ... -0.01590274  0.00015423
 -0.00879783]",,,Gene Symbol RNU6-1056P,No Description
64,,,,,,,,,,SLC35F5,"[-0.01453119  0.0235228   0.00593186 ... -0.00540315  0.01679615
 -0.02348186]","[-0.0173952   0.0065119  -0.00676049 ... -0.01406338  0.01241684
 -0.01350807]",,,Gene Symbol SLC35F5 Predicted to be integral component of membrane.,No Description
65,,,,,,,,,,HSD17B7,"[-0.02724096  0.00655376 -0.01429543 ... -0.03031874  0.01223684
 -0.02335325]","[-0.01946141 -0.00671186 -0.00382918 ... -0.0380992   0.00354357
 -0.01339051]",,,Gene Symbol HSD17B7,No Description
66,,,,,,,,,,DOP1B,"[-0.0246556  -0.00662343 -0.02704653 ... -0.01410372 -0.00908692
 -0.00364513]","[-0.01772123 -0.00056517  0.00100105 ... -0.01785134 -0.00091566
 -0.02442199]",,,Gene Symbol DOP1B Involved in cognition. Located in early endosome membrane.,No Description
67,,,,,,,,,,FOXK2,"[-0.01650994  0.00421779 -0.00957282 ... -0.00608754 -0.00024584
 -0.02144687]","[-0.02931284 -0.00382412 -0.01487849 ... -0.00979054 -0.00532961
 -0.00323793]",,,"Gene Symbol FOXK2 The protein encoded by this gene contains a fork head DNA binding domain. This protein can bind to the purine-rich motifs of the HIV long terminal repeat (LTR), and to the similar purine-rich motif in the interleukin 2 (IL2) promoter. It may be involved in the regulation of viral and cellular promoter elements.",No Description
68,,,,,,,,,,POLR2D,"[-0.0355789   0.00348968 -0.01222939 ... -0.00919788 -0.01900205
 -0.00336911]","[-0.03581351 -0.02370438 -0.02680084 ... -0.01073878 -0.00845267
 -0.00590633]",,,"Gene Symbol POLR2D This gene encodes the fourth largest subunit of RNA polymerase II, the polymerase responsible for synthesizing messenger RNA in eukaryotes. In yeast, this polymerase subunit is associated with the polymerase under suboptimal growth conditions and may have a stress protective role. A sequence for a ribosomal pseudogene is contained within the 3' untranslated region of the transcript from this gene.",No Description
69,,,,,,,,,,LINC01427,"[-0.03404431 -0.01114546  0.02294461 ... -0.02140189 -0.00790968
 -0.01498263]","[-0.03860663 -0.02218712  0.01903052 ... -0.02334324 -0.01697808
 -0.01731583]",,,Gene Symbol LINC01427,No Description
70,,,,,,,,,,OR2AQ1P,"[ 0.004206   -0.00792078 -0.01679669 ... -0.01822939 -0.00746368
 -0.01945742]","[-0.01680901  0.01138399 -0.01748137 ... -0.01051387 -0.0089714
 -0.00552061]",,,"Gene Symbol OR2AQ1P Olfactory receptors interact with odorant molecules in the nose, to initiate a neuronal response that triggers the perception of a smell. The olfactory receptor proteins are members of a large family of G-protein-coupled receptors (GPCR) arising from single coding-exon genes. Olfactory receptors share a 7-transmembrane domain structure with many neurotransmitter and hormone receptors and are responsible for the recognition and G protein-mediated transduction of odorant signals. The olfactory receptor gene family is the largest in the genome. The nomenclature assigned to the olfactory receptor genes and proteins for this organism is independent of other organisms.",No Description
71,,,,,,,,,,COX20,"[-0.02945777 -0.02236016  0.01687685 ... -0.0128811  -0.00763127
 -0.01394175]","[-0.03740641 -0.0003431  -0.00055501 ... -0.01507365 -0.01083055
 -0.01385949]",,,"Gene Symbol COX20 This gene encodes a protein that plays a role in the assembly of cytochrome C oxidase, an important component of the respiratory pathway. It contains two transmembrane helices and localizes to the mitochondrial membrane. Mutations in this gene can cause mitochondrial complex IV deficiency, which results in ataxia and muscle hypotonia. There are multiple pseudogenes for this gene. Alternative splicing results in multiple transcript variants.",No Description
72,,,,,,,,,,SPRY4-AS1,"[-0.01955812 -0.00437053  0.00053906 ... -0.02646902 -0.0001799
  0.00664116]","[-0.03442761 -0.0105463  -0.00147962 ... -0.0288903  -0.01970158
  0.0044138 ]",,,Gene Symbol SPRY4-AS1,No Description
73,,,,,,,,,,EIF2D,"[-0.03910192 -0.00545117 -0.02593178 ... -0.01877625  0.0043877
 -0.01059949]","[-0.03987424 -0.03154115 -0.02519398 ... -0.02084571  0.00236072
 -0.01997606]",,,"Gene Symbol EIF2D This gene encodes a translation initiation factor involved in the recruitment and delivery of aminoacyl-tRNAs to the P-site of the eukaryotic ribosome in a GTP-independent manner. This gene was previously referred to as ligatin, but is now known to localize to the cytoplasm and localize and function with translation factors. Multiple transcript variants encoding different isoforms have been found for this gene.",No Description
74,,,,,,,,,,KRT39,"[-0.00806739 -0.00102128  0.01849262 ... -0.00295245 -0.00531543
 -0.01222103]","[-0.00928837  0.00474775 -0.01400699 ... -0.00976735 -0.01923695
 -0.00634327]",,,"Gene Symbol KRT39 This gene encodes a member of the type I (acidic) keratin family, which belongs to the superfamily of intermediate filament (IF) proteins. Keratins are heteropolymeric structural proteins which form the intermediate filament. These filaments, along with actin microfilaments and microtubules, compose the cytoskeleton of epithelial cells. The type I keratin genes are clustered in a region of chromosome 17q12-q21.",No Description
75,,,,,,,,,,SENP1,"[-0.01340822 -0.01039102  0.01237194 ... -0.01746875  0.00175622
 -0.02828274]","[-0.02499758  0.00158481  0.01458858 ... -0.01252541 -0.00309308
 -0.00350073]",,,Gene Symbol SENP1 This gene encodes a cysteine protease that specifically targets members of the small ubiquitin-like modifier (SUMO) protein family. This protease regulates SUMO pathways by deconjugating sumoylated proteins. This protease also functions to process the precursor SUMO proteins into their mature form. Alternate splicing results in multiple transcript variants.,No Description
76,,,,,,,,,,RNU6-486P,"[-0.01213843 -0.02433081 -0.00534765 ... -0.02346763  0.01292743
 -0.0040158 ]","[-0.01881982 -0.02559603  0.00879022 ... -0.01727059  0.00250235
 -0.00409536]",,,Gene Symbol RNU6-486P,No Description
77,,,,,,,,,,PPIAP62,"[-0.01722639  0.00683138  0.01291322 ... -0.00390553 -0.00637114
  0.00264971]","[-0.01812737 -0.00054262  0.01316344 ... -0.01504585 -0.0153808
 -0.00207835]",,,Gene Symbol PPIAP62,No Description
78,,,,,,,,,,ATP5MGL,"[-0.0266874  -0.01756072  0.00318993 ... -0.02134992  0.00068628
 -0.00418306]","[-0.01958906 -0.04343941 -0.00197246 ... -0.01593467  0.00590448
 -0.01791036]",,,Gene Symbol ATP5MGL Predicted to enable proton transmembrane transporter activity. Predicted to be involved in ATP synthesis coupled proton transport. Located in mitochondrion.,No Description
79,,,,,,,,,,SMAD5-AS1,"[-0.01135906  0.00112256 -0.00636878 ... -0.01444716  0.00281612
  0.00663231]","[-0.02987581 -0.01630044 -0.00905649 ... -0.01442539  0.00843773
  0.00425011]",,,Gene Symbol SMAD5-AS1 Predicted to be involved in signal transduction.,No Description
80,,,,,,,,,,P4HA3-AS1,"[ 0.00751961  0.00519179  0.00163643 ... -0.01578576  0.00628784
  0.00196643]","[-0.02054171 -0.00547581  0.01133495 ... -0.02187679 -0.00276765
 -0.00203897]",,,Gene Symbol P4HA3-AS1,No Description
81,,,,,,,,,,CABP7,"[-0.0116311  -0.00724226  0.00775859 ... -0.01402254 -0.00304365
 -0.02095228]","[-0.01086117 -0.02896313  0.00061279 ... -0.00649351 -0.00458025
 -0.01374718]",,,Gene Symbol CABP7 Predicted to enable calcium ion binding activity. Located in trans-Golgi network membrane.,No Description
82,,,,,,,,,,BCORL1,"[-0.02469443 -0.00297506 -0.01072699 ... -0.00773098 -0.00575808
 -0.0073329 ]","[-0.05027908 -0.01626753  0.00890468 ...  0.00520692 -0.01915518
  0.0115506 ]",,,Gene Symbol BCORL1 The protein encoded by this gene is a transcriptional corepressor that is found tethered to promoter regions by DNA-binding proteins. The encoded protein can interact with several different class II histone deacetylases to repress transcription. Two transcript variants encoding different isoforms have been found for this gene.,No Description
83,,,,,,,,,,A3GALT2,"[-0.02413256 -0.0001192   0.01578507 ... -0.0287217  -0.00168549
  0.0004632 ]","[-0.03016947 -0.01836921  0.01322398 ... -0.02201127  0.00531409
 -0.02124312]",,,"Gene Symbol A3GALT2 Predicted to enable N-acetyllactosaminide 3-alpha-galactosyltransferase activity and alpha-1,3-galactosyltransferase activity. Predicted to be involved in lipid glycosylation. Predicted to act upstream of or within glycosphingolipid biosynthetic process. Predicted to be located in Golgi cisterna membrane. Predicted to be integral component of membrane. Predicted to be active in Golgi apparatus and vesicle.",No Description
84,,,,,,,,,,KARS1,"[ 0.00594372 -0.00055702 -0.00371566 ... -0.00215802 -0.01367522
 -0.00268668]","[-0.01675424 -0.01750183 -0.00754274 ... -0.00677512  0.00785647
  0.00162786]",,,"Gene Symbol KARS1 Aminoacyl-tRNA synthetases are a class of enzymes that charge tRNAs with their cognate amino acids. Lysyl-tRNA synthetase is a homodimer localized to the cytoplasm which belongs to the class II family of tRNA synthetases. It has been shown to be a target of autoantibodies in the human autoimmune diseases, polymyositis or dermatomyositis. Alternatively spliced transcript variants encoding different isoforms have been found for this gene.",No Description
85,,,,,,,,,,NFYA,"[-0.0037949  -0.01856961 -0.01482275 ... -0.00408655  0.0131895
 -0.04068022]","[-0.03695282 -0.02510454 -0.00538951 ... -0.02113298  0.00406454
 -0.02279333]",,,"Gene Symbol NFYA The protein encoded by this gene is one subunit of a trimeric complex, forming a highly conserved transcription factor that binds to CCAAT motifs in the promoter regions in a variety of genes. Subunit A associates with a tight dimer composed of the B and C subunits, resulting in a trimer that binds to DNA with high specificity and affinity. The sequence specific interactions of the complex are made by the A subunit, suggesting a role as the regulatory subunit. In addition, there is evidence of post-transcriptional regulation in this gene product, either by protein degradation or control of translation. Further regulation is represented by alternative splicing in the glutamine-rich activation domain, with clear tissue-specific preferences for the two isoforms.",No Description
86,,,,,,,,,,LINC02238,"[-0.02987475  0.0024644   0.0245456  ... -0.01991213 -0.00416422
 -0.00740306]","[-0.03716533 -0.01082244  0.01871353 ... -0.02320216 -0.01528489
 -0.00647776]",,,Gene Symbol LINC02238,No Description
87,,,,,,,,,,RHOG,"[-0.0172173  -0.02109323 -0.00450152 ... -0.01576213  0.00660949
  0.00049002]","[-0.04609378 -0.00836326 -0.01074993 ... -0.01287214  0.01093504
  0.00854176]",,,"Gene Symbol RHOG This gene encodes a member of the Rho family of small GTPases, which cycle between inactive GDP-bound and active GTP-bound states and function as molecular switches in signal transduction cascades. Rho proteins promote reorganization of the actin cytoskeleton and regulate cell shape, attachment, and motility. The encoded protein facilitates translocation of a functional guanine nucleotide exchange factor (GEF) complex from the cytoplasm to the plasma membrane where ras-related C3 botulinum toxin substrate 1 is activated to promote lamellipodium formation and cell migration. Two related pseudogene have been identified on chromosomes 20 and X.",No Description
88,,,,,,,,,,BFSP2-AS1,"[-0.01638063  0.01031785 -0.00682411 ... -0.02507155 -0.01098531
 -0.00160695]","[-0.03763779 -0.00108896  0.00504005 ... -0.02624348 -0.0169763
 -0.00854912]",,,Gene Symbol BFSP2-AS1,No Description
89,,,,,,,,,,RNU6-103P,"[ 0.00057452 -0.02007516 -0.00652643 ... -0.01151526  0.00903915
 -0.00605051]","[-0.0139066  -0.02974058  0.00500249 ... -0.01301652 -0.00412915
 -0.00918853]",,,Gene Symbol RNU6-103P,No Description
90,,,,,,,,,,TEX264,"[-0.02501594 -0.00826344  0.00187725 ... -0.00374393  0.00472398
 -0.01632946]","[-0.04169453 -0.01522791 -0.02206656 ... -0.01418091  0.01386283
 -0.0185147 ]",,,"Gene Symbol TEX264 Enables signaling receptor activity. Involved in protein-DNA covalent cross-linking repair. Acts upstream of or within reticulophagy. Located in several cellular components, including autophagosome membrane; endoplasmic reticulum membrane; and replication fork.",No Description
91,,,,,,,,,,UBTFL1,"[-0.03208684 -0.02837938 -0.00539448 ... -0.01534994 -0.00047177
 -0.01719033]","[-0.05999235 -0.04385467 -0.0170153  ... -0.01709389 -0.00100533
 -0.0180894 ]",,,Gene Symbol UBTFL1 Predicted to enable DNA binding activity. Predicted to act upstream of or within blastocyst growth; embryo implantation; and regulation of gene expression. Predicted to be located in cytoplasm and nucleus.,No Description
92,,,,,,,,,,SLC30A6,"[-0.01298465  0.01567733  0.00261787 ... -0.02084991  0.00571777
 -0.00847028]","[-0.02129596 -0.00161297  0.02650843 ... -0.01669522 -0.01575213
 -0.01205624]",,,Gene Symbol SLC30A6 This gene encodes a member of a family of proteins that function as zinc transporters. This protein can regulate subcellular levels of zinc in the Golgi and vesicles. Expression of this gene is altered in the Alzheimer's disease brain plaques.,No Description
93,,,,,,,,,,MIR135A2,"[-0.02183755  0.00023515 -0.01479746 ... -0.01166263 -0.00156742
 -0.01490373]","[-0.05736494 -0.02434887  0.00269224 ... -0.0168529  -0.01320253
 -0.02004129]",,,"Gene Symbol MIR135A2 microRNAs (miRNAs) are short (20-24 nt) non-coding RNAs that are involved in post-transcriptional regulation of gene expression in multicellular organisms by affecting both the stability and translation of mRNAs. miRNAs are transcribed by RNA polymerase II as part of capped and polyadenylated primary transcripts (pri-miRNAs) that can be either protein-coding or non-coding. The primary transcript is cleaved by the Drosha ribonuclease III enzyme to produce an approximately 70-nt stem-loop precursor miRNA (pre-miRNA), which is further cleaved by the cytoplasmic Dicer ribonuclease to generate the mature miRNA and antisense miRNA star (miRNA*) products. The mature miRNA is incorporated into a RNA-induced silencing complex (RISC), which recognizes target mRNAs through imperfect base pairing with the miRNA and most commonly results in translational inhibition or destabilization of the target mRNA. The RefSeq represents the predicted microRNA stem-loop.",No Description
94,,,,,,,,,,OR10C1,"[-0.00042145 -0.02738565 -0.01171902 ... -0.01068742  0.01189095
 -0.02863733]","[-0.01858144  0.0057166  -0.01687538 ... -0.01051405 -0.00152255
 -0.01052728]",,,"Gene Symbol OR10C1 Olfactory receptors interact with odorant molecules in the nose, to initiate a neuronal response that triggers the perception of a smell. The olfactory receptor proteins are members of a large family of G-protein-coupled receptors (GPCR) arising from single coding-exon genes. Olfactory receptors share a 7-transmembrane domain structure with many neurotransmitter and hormone receptors and are responsible for the recognition and G protein-mediated transduction of odorant signals. The olfactory receptor gene family is the largest in the genome. The nomenclature assigned to the olfactory receptor genes and proteins for this organism is independent of other organisms. This olfactory receptor gene is a segregating pseudogene, where some individuals have an allele that encodes a functional olfactory receptor, while other individuals have an allele encoding a protein that is predicted to be non-functional.",No Description
95,,,,,,,,,,ATP5F1AP7,"[-0.02376755 -0.00710696  0.00416515 ... -0.01430454  0.00082688
 -0.01526249]","[-0.03240869 -0.01065626  0.0076163  ... -0.01595484 -0.00442862
 -0.01278357]",,,Gene Symbol ATP5F1AP7,No Description
96,,,,,,,,,,HARS1,"[-0.01046759 -0.00458042 -0.00018323 ... -0.01841647  0.00974989
  0.01251236]","[-0.02488961 -0.02487623 -0.0156747  ... -0.01413665  0.01377555
  0.00607194]",,,"Gene Symbol HARS1 Aminoacyl-tRNA synthetases are a class of enzymes that charge tRNAs with their cognate amino acids. The protein encoded by this gene is a cytoplasmic enzyme which belongs to the class II family of aminoacyl-tRNA synthetases. The enzyme is responsible for the synthesis of histidyl-transfer RNA, which is essential for the incorporation of histidine into proteins. The gene is located in a head-to-head orientation with HARSL on chromosome five, where the homologous genes share a bidirectional promoter. The gene product is a frequent target of autoantibodies in the human autoimmune disease polymyositis/dermatomyositis. Several transcript variants encoding different isoforms have been found for this gene.",No Description
97,,,,,,,,,,MTND5P25,"[-0.03899516 -0.01544012  0.01202941 ... -0.00899993 -0.00165855
 -0.01817686]","[-0.05170688 -0.02317849  0.01427089 ... -0.01184336 -0.00792455
 -0.02135952]",,,Gene Symbol MTND5P25,No Description
98,,,,,,,,,,DUSP18,"[-0.03201268  0.00278277  0.00822326 ... -0.02618371  0.00113378
  0.00583898]","[-0.04042359  0.0038954   0.01803762 ... -0.03419631 -0.00148384
  0.00443559]",,,Gene Symbol DUSP18,No Description
99,,,,,,,,,,CHCHD2P4,"[-0.00847739  0.01626088 -0.0113512  ... -0.00222572 -0.02101346
 -0.02445678]","[-0.01845585  0.00773079  0.00190123 ... -0.01404393 -0.02007223
 -0.0290153 ]",,,Gene Symbol CHCHD2P4,No Description
100,,,,,,,,,,VNN2,"[-0.03846095 -0.01575028  0.02310958 ... -0.01764857 -0.01752477
  0.00707043]","[-0.05750314 -0.01554904  0.01784162 ... -0.03339066 -0.00703281
  0.01432184]",,,"Gene Symbol VNN2 This gene product is a member of the Vanin family of proteins that share extensive sequence similarity with each other, and also with biotinidase. The family includes secreted and membrane-associated proteins, a few of which have been reported to participate in hematopoietic cell trafficking. No biotinidase activity has been demonstrated for any of the vanin proteins, however, they possess pantetheinase activity, which may play a role in oxidative-stress response. The encoded protein is a GPI-anchored cell surface molecule that plays a role in transendothelial migration of neutrophils. This gene lies in close proximity to, and in same transcriptional orientation as two other vanin genes on chromosome 6q23-q24. Alternatively spliced transcript variants encoding different isoforms have been described for this gene.",No Description
101,,,,,,,,,,SOCS7,"[-0.015834   -0.00778654 -0.00149431 ... -0.01414486  0.00849378
 -0.01521602]","[-0.03441959 -0.02233939 -0.00702113 ... -0.00810476  0.01817159
 -0.01206096]",,,"Gene Symbol SOCS7 Predicted to enable 1-phosphatidylinositol-3-kinase regulator activity. Predicted to be involved in phosphatidylinositol phosphate biosynthetic process. Predicted to act upstream of or within several processes, including brain development; fat cell differentiation; and insulin receptor signaling pathway. Located in cytosol.",No Description
102,,,,,,,,,,EIF4EBP1,"[-0.03750792 -0.01948531 -0.01795731 ... -0.02170549  0.00345107
 -0.01766999]","[-0.04401124 -0.03353978 -0.03499127 ... -0.00627251  0.00070712
 -0.02076149]",,,"Gene Symbol EIF4EBP1 This gene encodes one member of a family of translation repressor proteins. The protein directly interacts with eukaryotic translation initiation factor 4E (eIF4E), which is a limiting component of the multisubunit complex that recruits 40S ribosomal subunits to the 5' end of mRNAs. Interaction of this protein with eIF4E inhibits complex assembly and represses translation. This protein is phosphorylated in response to various signals including UV irradiation and insulin signaling, resulting in its dissociation from eIF4E and activation of mRNA translation.",No Description
