,target_gene,category,class,gene_descriptor,genomic_location_GRCh38,refseq_examples,similar_genes_functional,key_pathways,drug_associated_interactions,reference_gene,reference_gene_GenePTembedding,reference_description_GenePTembedding,target_name_GenePTembedding,target_description_GenePTembedding,reference_gene_description,target_gene_description
0,AKT1,Gene-to-Gene interaction hubs,Interaction hub (serine/threonine kinase),"PI3K-activated kinase controlling proliferation, survival and metabolism; germline mosaic and somatic oncogenic roles.",14q32.33,,"['AKT2', 'AKT3', 'PIK3CA', 'PTEN', 'MTOR']",,,AKT2,"[-0.03004799 -0.03082881 -0.00561717 ... -0.01028525  0.00082751
  0.0003151 ]","[-0.04248535 -0.03062777 -0.02192876 ... -0.01589641 -0.009877
  0.00747571]","[-0.02429395 -0.02972777 -0.0066505  ... -0.00491616  0.00937731
 -0.00626143]","[-0.04058703 -0.04127886 -0.01917891 ... -0.01516889 -0.00331499
 -0.00615596]","Gene Symbol AKT2 This gene is a putative oncogene encoding a protein belonging to a subfamily of serine/threonine kinases containing SH2-like (Src homology 2-like) domains, which is involved in signaling pathways. The gene serves as an oncogene in the tumorigenesis of cancer cells For example, its overexpression contributes to the malignant phenotype of a subset of human ductal pancreatic cancers. The encoded protein is a general protein kinase capable of phophorylating several known proteins, and has also been implicated in insulin signaling.","Gene Symbol AKT1 This gene encodes one of the three members of the human AKT serine-threonine protein kinase family which are often referred to as protein kinase B alpha, beta, and gamma. These highly similar AKT proteins all have an N-terminal pleckstrin homology domain, a serine/threonine-specific kinase domain and a C-terminal regulatory domain. These proteins are phosphorylated by phosphoinositide 3-kinase (PI3K). AKT/PI3K forms a key component of many signalling pathways that involve the binding of membrane-bound ligands such as receptor tyrosine kinases, G-protein coupled receptors, and integrin-linked kinase. These AKT proteins therefore regulate a wide variety of cellular functions including cell proliferation, survival, metabolism, and angiogenesis in both normal and malignant cells. AKT proteins are recruited to the cell membrane by phosphatidylinositol 3,4,5-trisphosphate (PIP3) after phosphorylation of phosphatidylinositol 4,5-bisphosphate (PIP2) by PI3K. Subsequent phosphorylation of both threonine residue 308 and serine residue 473 is required for full activation of the AKT1 protein encoded by this gene. Phosphorylation of additional residues also occurs, for example, in response to insulin growth factor-1 and epidermal growth factor. Protein phosphatases act as negative regulators of AKT proteins by dephosphorylating AKT or PIP3. The PI3K/AKT signalling pathway is crucial for tumor cell survival. Survival factors can suppress apoptosis in a transcription-independent manner by activating AKT1 which then phosphorylates and inactivates components of the apoptotic machinery. AKT proteins also participate in the mammalian target of rapamycin (mTOR) signalling pathway which controls the assembly of the eukaryotic translation initiation factor 4F (eIF4E) complex and this pathway, in addition to responding to extracellular signals from growth factors and cytokines, is disregulated in many cancers. Mutations in this gene are associated with multiple types of cancer and excessive tissue growth including Proteus syndrome and Cowden syndrome 6, and breast, colorectal, and ovarian cancers. Multiple alternatively spliced transcript variants have been found for this gene."
1,AKT1,Gene-to-Gene interaction hubs,Interaction hub (serine/threonine kinase),"PI3K-activated kinase controlling proliferation, survival and metabolism; germline mosaic and somatic oncogenic roles.",14q32.33,,"['AKT2', 'AKT3', 'PIK3CA', 'PTEN', 'MTOR']",,,AKT3,"[-0.03211277 -0.0309744  -0.00346146 ... -0.01037113  0.01011963
 -0.01092046]","[-0.04788868 -0.04405145 -0.00617475 ... -0.01557917 -0.00407386
 -0.0083268 ]","[-0.02429395 -0.02972777 -0.0066505  ... -0.00491616  0.00937731
 -0.00626143]","[-0.04058703 -0.04127886 -0.01917891 ... -0.01516889 -0.00331499
 -0.00615596]","Gene Symbol AKT3 The protein encoded by this gene is a member of the AKT, also called PKB, serine/threonine protein kinase family. AKT kinases are known to be regulators of cell signaling in response to insulin and growth factors. They are involved in a wide variety of biological processes including cell proliferation, differentiation, apoptosis, tumorigenesis, as well as glycogen synthesis and glucose uptake. This kinase has been shown to be stimulated by platelet-derived growth factor (PDGF), insulin, and insulin-like growth factor 1 (IGF1). Alternatively splice transcript variants encoding distinct isoforms have been described.","Gene Symbol AKT1 This gene encodes one of the three members of the human AKT serine-threonine protein kinase family which are often referred to as protein kinase B alpha, beta, and gamma. These highly similar AKT proteins all have an N-terminal pleckstrin homology domain, a serine/threonine-specific kinase domain and a C-terminal regulatory domain. These proteins are phosphorylated by phosphoinositide 3-kinase (PI3K). AKT/PI3K forms a key component of many signalling pathways that involve the binding of membrane-bound ligands such as receptor tyrosine kinases, G-protein coupled receptors, and integrin-linked kinase. These AKT proteins therefore regulate a wide variety of cellular functions including cell proliferation, survival, metabolism, and angiogenesis in both normal and malignant cells. AKT proteins are recruited to the cell membrane by phosphatidylinositol 3,4,5-trisphosphate (PIP3) after phosphorylation of phosphatidylinositol 4,5-bisphosphate (PIP2) by PI3K. Subsequent phosphorylation of both threonine residue 308 and serine residue 473 is required for full activation of the AKT1 protein encoded by this gene. Phosphorylation of additional residues also occurs, for example, in response to insulin growth factor-1 and epidermal growth factor. Protein phosphatases act as negative regulators of AKT proteins by dephosphorylating AKT or PIP3. The PI3K/AKT signalling pathway is crucial for tumor cell survival. Survival factors can suppress apoptosis in a transcription-independent manner by activating AKT1 which then phosphorylates and inactivates components of the apoptotic machinery. AKT proteins also participate in the mammalian target of rapamycin (mTOR) signalling pathway which controls the assembly of the eukaryotic translation initiation factor 4F (eIF4E) complex and this pathway, in addition to responding to extracellular signals from growth factors and cytokines, is disregulated in many cancers. Mutations in this gene are associated with multiple types of cancer and excessive tissue growth including Proteus syndrome and Cowden syndrome 6, and breast, colorectal, and ovarian cancers. Multiple alternatively spliced transcript variants have been found for this gene."
2,AKT1,Gene-to-Gene interaction hubs,Interaction hub (serine/threonine kinase),"PI3K-activated kinase controlling proliferation, survival and metabolism; germline mosaic and somatic oncogenic roles.",14q32.33,,"['AKT2', 'AKT3', 'PIK3CA', 'PTEN', 'MTOR']",,,PIK3CA,"[-0.02699393 -0.02939167  0.01544352 ...  0.01481185 -0.00786356
 -0.01632011]","[-0.02431542 -0.0204641  -0.00202734 ... -0.00219894 -0.00686373
 -0.00610428]","[-0.02429395 -0.02972777 -0.0066505  ... -0.00491616  0.00937731
 -0.00626143]","[-0.04058703 -0.04127886 -0.01917891 ... -0.01516889 -0.00331499
 -0.00615596]","Gene Symbol PIK3CA Phosphatidylinositol 3-kinase is composed of an 85 kDa regulatory subunit and a 110 kDa catalytic subunit. The protein encoded by this gene represents the catalytic subunit, which uses ATP to phosphorylate PtdIns, PtdIns4P and PtdIns(4,5)P2. This gene has been found to be oncogenic and has been implicated in cervical cancers. A pseudogene of this gene has been defined on chromosome 22.","Gene Symbol AKT1 This gene encodes one of the three members of the human AKT serine-threonine protein kinase family which are often referred to as protein kinase B alpha, beta, and gamma. These highly similar AKT proteins all have an N-terminal pleckstrin homology domain, a serine/threonine-specific kinase domain and a C-terminal regulatory domain. These proteins are phosphorylated by phosphoinositide 3-kinase (PI3K). AKT/PI3K forms a key component of many signalling pathways that involve the binding of membrane-bound ligands such as receptor tyrosine kinases, G-protein coupled receptors, and integrin-linked kinase. These AKT proteins therefore regulate a wide variety of cellular functions including cell proliferation, survival, metabolism, and angiogenesis in both normal and malignant cells. AKT proteins are recruited to the cell membrane by phosphatidylinositol 3,4,5-trisphosphate (PIP3) after phosphorylation of phosphatidylinositol 4,5-bisphosphate (PIP2) by PI3K. Subsequent phosphorylation of both threonine residue 308 and serine residue 473 is required for full activation of the AKT1 protein encoded by this gene. Phosphorylation of additional residues also occurs, for example, in response to insulin growth factor-1 and epidermal growth factor. Protein phosphatases act as negative regulators of AKT proteins by dephosphorylating AKT or PIP3. The PI3K/AKT signalling pathway is crucial for tumor cell survival. Survival factors can suppress apoptosis in a transcription-independent manner by activating AKT1 which then phosphorylates and inactivates components of the apoptotic machinery. AKT proteins also participate in the mammalian target of rapamycin (mTOR) signalling pathway which controls the assembly of the eukaryotic translation initiation factor 4F (eIF4E) complex and this pathway, in addition to responding to extracellular signals from growth factors and cytokines, is disregulated in many cancers. Mutations in this gene are associated with multiple types of cancer and excessive tissue growth including Proteus syndrome and Cowden syndrome 6, and breast, colorectal, and ovarian cancers. Multiple alternatively spliced transcript variants have been found for this gene."
3,AKT1,Gene-to-Gene interaction hubs,Interaction hub (serine/threonine kinase),"PI3K-activated kinase controlling proliferation, survival and metabolism; germline mosaic and somatic oncogenic roles.",14q32.33,,"['AKT2', 'AKT3', 'PIK3CA', 'PTEN', 'MTOR']",,,PTEN,"[-0.02818697 -0.0183189   0.0072567  ...  0.01354234 -0.0009932
 -0.0239353 ]","[-0.04014727 -0.00919073  0.00626817 ... -0.00321482  0.00206517
 -0.00789899]","[-0.02429395 -0.02972777 -0.0066505  ... -0.00491616  0.00937731
 -0.00626143]","[-0.04058703 -0.04127886 -0.01917891 ... -0.01516889 -0.00331499
 -0.00615596]","Gene Symbol PTEN This gene was identified as a tumor suppressor that is mutated in a large number of cancers at high frequency. The protein encoded by this gene is a phosphatidylinositol-3,4,5-trisphosphate 3-phosphatase. It contains a tensin like domain as well as a catalytic domain similar to that of the dual specificity protein tyrosine phosphatases. Unlike most of the protein tyrosine phosphatases, this protein preferentially dephosphorylates phosphoinositide substrates. It negatively regulates intracellular levels of phosphatidylinositol-3,4,5-trisphosphate in cells and functions as a tumor suppressor by negatively regulating AKT/PKB signaling pathway. The use of a non-canonical (CUG) upstream initiation site produces a longer isoform that initiates translation with a leucine, and is thought to be preferentially associated with the mitochondrial inner membrane. This longer isoform may help regulate energy metabolism in the mitochondria. A pseudogene of this gene is found on chromosome 9. Alternative splicing and the use of multiple translation start codons results in multiple transcript variants encoding different isoforms.","Gene Symbol AKT1 This gene encodes one of the three members of the human AKT serine-threonine protein kinase family which are often referred to as protein kinase B alpha, beta, and gamma. These highly similar AKT proteins all have an N-terminal pleckstrin homology domain, a serine/threonine-specific kinase domain and a C-terminal regulatory domain. These proteins are phosphorylated by phosphoinositide 3-kinase (PI3K). AKT/PI3K forms a key component of many signalling pathways that involve the binding of membrane-bound ligands such as receptor tyrosine kinases, G-protein coupled receptors, and integrin-linked kinase. These AKT proteins therefore regulate a wide variety of cellular functions including cell proliferation, survival, metabolism, and angiogenesis in both normal and malignant cells. AKT proteins are recruited to the cell membrane by phosphatidylinositol 3,4,5-trisphosphate (PIP3) after phosphorylation of phosphatidylinositol 4,5-bisphosphate (PIP2) by PI3K. Subsequent phosphorylation of both threonine residue 308 and serine residue 473 is required for full activation of the AKT1 protein encoded by this gene. Phosphorylation of additional residues also occurs, for example, in response to insulin growth factor-1 and epidermal growth factor. Protein phosphatases act as negative regulators of AKT proteins by dephosphorylating AKT or PIP3. The PI3K/AKT signalling pathway is crucial for tumor cell survival. Survival factors can suppress apoptosis in a transcription-independent manner by activating AKT1 which then phosphorylates and inactivates components of the apoptotic machinery. AKT proteins also participate in the mammalian target of rapamycin (mTOR) signalling pathway which controls the assembly of the eukaryotic translation initiation factor 4F (eIF4E) complex and this pathway, in addition to responding to extracellular signals from growth factors and cytokines, is disregulated in many cancers. Mutations in this gene are associated with multiple types of cancer and excessive tissue growth including Proteus syndrome and Cowden syndrome 6, and breast, colorectal, and ovarian cancers. Multiple alternatively spliced transcript variants have been found for this gene."
4,AKT1,Gene-to-Gene interaction hubs,Interaction hub (serine/threonine kinase),"PI3K-activated kinase controlling proliferation, survival and metabolism; germline mosaic and somatic oncogenic roles.",14q32.33,,"['AKT2', 'AKT3', 'PIK3CA', 'PTEN', 'MTOR']",,,MTOR,"[-0.03198018 -0.05226364 -0.01736617 ...  0.01563231 -0.00710059
  0.00079727]","[-0.04339543 -0.03100414 -0.01806847 ... -0.00307028 -0.01230704
 -0.01503545]","[-0.02429395 -0.02972777 -0.0066505  ... -0.00491616  0.00937731
 -0.00626143]","[-0.04058703 -0.04127886 -0.01917891 ... -0.01516889 -0.00331499
 -0.00615596]","Gene Symbol MTOR The protein encoded by this gene belongs to a family of phosphatidylinositol kinase-related kinases. These kinases mediate cellular responses to stresses such as DNA damage and nutrient deprivation. This kinase is a component of two distinct complexes, mTORC1, which controls protein synthesis, cell growth and proliferation, and mTORC2, which is a regulator of the actin cytoskeleton, and promotes cell survival and cell cycle progression. This protein acts as the target for the cell-cycle arrest and immunosuppressive effects of the FKBP12-rapamycin complex. Inhibitors of mTOR are used in organ transplants as immunosuppressants, and are being evaluated for their therapeutic potential in SARS-CoV-2 infections. Mutations in this gene are associated with Smith-Kingsmore syndrome and somatic focal cortical dysplasia type II. The ANGPTL7 gene is located in an intron of this gene.","Gene Symbol AKT1 This gene encodes one of the three members of the human AKT serine-threonine protein kinase family which are often referred to as protein kinase B alpha, beta, and gamma. These highly similar AKT proteins all have an N-terminal pleckstrin homology domain, a serine/threonine-specific kinase domain and a C-terminal regulatory domain. These proteins are phosphorylated by phosphoinositide 3-kinase (PI3K). AKT/PI3K forms a key component of many signalling pathways that involve the binding of membrane-bound ligands such as receptor tyrosine kinases, G-protein coupled receptors, and integrin-linked kinase. These AKT proteins therefore regulate a wide variety of cellular functions including cell proliferation, survival, metabolism, and angiogenesis in both normal and malignant cells. AKT proteins are recruited to the cell membrane by phosphatidylinositol 3,4,5-trisphosphate (PIP3) after phosphorylation of phosphatidylinositol 4,5-bisphosphate (PIP2) by PI3K. Subsequent phosphorylation of both threonine residue 308 and serine residue 473 is required for full activation of the AKT1 protein encoded by this gene. Phosphorylation of additional residues also occurs, for example, in response to insulin growth factor-1 and epidermal growth factor. Protein phosphatases act as negative regulators of AKT proteins by dephosphorylating AKT or PIP3. The PI3K/AKT signalling pathway is crucial for tumor cell survival. Survival factors can suppress apoptosis in a transcription-independent manner by activating AKT1 which then phosphorylates and inactivates components of the apoptotic machinery. AKT proteins also participate in the mammalian target of rapamycin (mTOR) signalling pathway which controls the assembly of the eukaryotic translation initiation factor 4F (eIF4E) complex and this pathway, in addition to responding to extracellular signals from growth factors and cytokines, is disregulated in many cancers. Mutations in this gene are associated with multiple types of cancer and excessive tissue growth including Proteus syndrome and Cowden syndrome 6, and breast, colorectal, and ovarian cancers. Multiple alternatively spliced transcript variants have been found for this gene."
5,APOE,Genome importance → disease,Disease risk gene (neurodegeneration),Lipoprotein involved in cholesterol transport; ε2/ε3/ε4 isoforms modulate Alzheimer’s disease risk and onset.,19q13.32,,"['APOA1', 'APOB', 'APOC3', 'LDLR', 'LRP1']",,"[{'drug_name': 'Atorvastatin', 'mechanism': 'HMG-CoA reductase inhibitor; modulates LDL-C and may impact APOE-related phenotypes', 'smiles': 'CC(C)C1=C(C(=C(N1CC[C@H](C[C@H](CC(=O)O)O)O)C2=CC=C(C=C2)F)C3=CC=CC=C3)C(=O)NC4=CC=CC=C4'}]",APOA1,"[-0.01050792  0.00443282 -0.01231042 ... -0.00635883  0.00307761
 -0.02556883]","[-0.02282804  0.02351314 -0.00145503 ... -0.02287974 -0.00411383
 -0.02405605]","[ 0.00175955 -0.00061881  0.00135734 ... -0.02051857  0.00319698
 -0.02469394]","[-0.03343358  0.00209452 -0.0035264  ... -0.02115186 -0.01569331
 -0.02225406]","Gene Symbol APOA1 This gene encodes apolipoprotein A-I, which is the major protein component of high density lipoprotein (HDL) in plasma. The encoded preproprotein is proteolytically processed to generate the mature protein, which promotes cholesterol efflux from tissues to the liver for excretion, and is a cofactor for lecithin cholesterolacyltransferase (LCAT), an enzyme responsible for the formation of most plasma cholesteryl esters. This gene is closely linked with two other apolipoprotein genes on chromosome 11. Defects in this gene are associated with HDL deficiencies, including Tangier disease, and with systemic non-neuropathic amyloidosis. Alternative splicing results in multiple transcript variants, at least one of which encodes a preproprotein.","Gene Symbol APOE The protein encoded by this gene is a major apoprotein of the chylomicron. It binds to a specific liver and peripheral cell receptor, and is essential for the normal catabolism of triglyceride-rich lipoprotein constituents. This gene maps to chromosome 19 in a cluster with the related apolipoprotein C1 and C2 genes. Mutations in this gene result in familial dysbetalipoproteinemia, or type III hyperlipoproteinemia (HLP III), in which increased plasma cholesterol and triglycerides are the consequence of impaired clearance of chylomicron and VLDL remnants."
6,APOE,Genome importance → disease,Disease risk gene (neurodegeneration),Lipoprotein involved in cholesterol transport; ε2/ε3/ε4 isoforms modulate Alzheimer’s disease risk and onset.,19q13.32,,"['APOA1', 'APOB', 'APOC3', 'LDLR', 'LRP1']",,"[{'drug_name': 'Atorvastatin', 'mechanism': 'HMG-CoA reductase inhibitor; modulates LDL-C and may impact APOE-related phenotypes', 'smiles': 'CC(C)C1=C(C(=C(N1CC[C@H](C[C@H](CC(=O)O)O)O)C2=CC=C(C=C2)F)C3=CC=CC=C3)C(=O)NC4=CC=CC=C4'}]",APOB,"[-0.01114556 -0.03342329  0.00074134 ... -0.02084607  0.00181968
 -0.01644404]","[-0.03782135 -0.00201496 -0.00577754 ... -0.0329437  -0.02161034
 -0.01490683]","[ 0.00175955 -0.00061881  0.00135734 ... -0.02051857  0.00319698
 -0.02469394]","[-0.03343358  0.00209452 -0.0035264  ... -0.02115186 -0.01569331
 -0.02225406]","Gene Symbol APOB This gene product is the main apolipoprotein of chylomicrons and low density lipoproteins (LDL), and is the ligand for the LDL receptor. It occurs in plasma as two main isoforms, apoB-48 and apoB-100: the former is synthesized exclusively in the gut and the latter in the liver. The intestinal and the hepatic forms of apoB are encoded by a single gene from a single, very long mRNA. The two isoforms share a common N-terminal sequence. The shorter apoB-48 protein is produced after RNA editing of the apoB-100 transcript at residue 2180 (CAA->UAA), resulting in the creation of a stop codon, and early translation termination. Mutations in this gene or its regulatory region cause hypobetalipoproteinemia, normotriglyceridemic hypobetalipoproteinemia, and hypercholesterolemia due to ligand-defective apoB, diseases affecting plasma cholesterol and apoB levels.","Gene Symbol APOE The protein encoded by this gene is a major apoprotein of the chylomicron. It binds to a specific liver and peripheral cell receptor, and is essential for the normal catabolism of triglyceride-rich lipoprotein constituents. This gene maps to chromosome 19 in a cluster with the related apolipoprotein C1 and C2 genes. Mutations in this gene result in familial dysbetalipoproteinemia, or type III hyperlipoproteinemia (HLP III), in which increased plasma cholesterol and triglycerides are the consequence of impaired clearance of chylomicron and VLDL remnants."
7,APOE,Genome importance → disease,Disease risk gene (neurodegeneration),Lipoprotein involved in cholesterol transport; ε2/ε3/ε4 isoforms modulate Alzheimer’s disease risk and onset.,19q13.32,,"['APOA1', 'APOB', 'APOC3', 'LDLR', 'LRP1']",,"[{'drug_name': 'Atorvastatin', 'mechanism': 'HMG-CoA reductase inhibitor; modulates LDL-C and may impact APOE-related phenotypes', 'smiles': 'CC(C)C1=C(C(=C(N1CC[C@H](C[C@H](CC(=O)O)O)O)C2=CC=C(C=C2)F)C3=CC=CC=C3)C(=O)NC4=CC=CC=C4'}]",APOC3,"[-0.00403973 -0.00508607  0.00594616 ...  0.00388735 -0.00924431
 -0.01380213]","[-0.03883414 -0.00280228 -0.00131786 ... -0.01553624 -0.01038121
 -0.02642843]","[ 0.00175955 -0.00061881  0.00135734 ... -0.02051857  0.00319698
 -0.02469394]","[-0.03343358  0.00209452 -0.0035264  ... -0.02115186 -0.01569331
 -0.02225406]","Gene Symbol APOC3 This gene encodes a protein component of triglyceride (TG)-rich lipoproteins (TRLs) including very low density lipoproteins (VLDL), high density lipoproteins (HDL) and chylomicrons. The encoded protein plays a role in role in the metabolism of these TRLs through multiple modes. This protein has been shown to promote the secretion of VLDL1, inhibit lipoprotein lipase enzyme activity, and delay catabolism of TRL remnants. Mutations in this gene are associated with low plasma triglyceride levels and reduced risk of ischemic cardiovascular disease, and hyperalphalipoproteinemia, which is characterized by elevated levels of high density lipoprotein (HDL) and HDL cholesterol in human patients. This gene and other related genes comprise an apolipoprotein gene cluster on chromosome 11.","Gene Symbol APOE The protein encoded by this gene is a major apoprotein of the chylomicron. It binds to a specific liver and peripheral cell receptor, and is essential for the normal catabolism of triglyceride-rich lipoprotein constituents. This gene maps to chromosome 19 in a cluster with the related apolipoprotein C1 and C2 genes. Mutations in this gene result in familial dysbetalipoproteinemia, or type III hyperlipoproteinemia (HLP III), in which increased plasma cholesterol and triglycerides are the consequence of impaired clearance of chylomicron and VLDL remnants."
8,APOE,Genome importance → disease,Disease risk gene (neurodegeneration),Lipoprotein involved in cholesterol transport; ε2/ε3/ε4 isoforms modulate Alzheimer’s disease risk and onset.,19q13.32,,"['APOA1', 'APOB', 'APOC3', 'LDLR', 'LRP1']",,"[{'drug_name': 'Atorvastatin', 'mechanism': 'HMG-CoA reductase inhibitor; modulates LDL-C and may impact APOE-related phenotypes', 'smiles': 'CC(C)C1=C(C(=C(N1CC[C@H](C[C@H](CC(=O)O)O)O)C2=CC=C(C=C2)F)C3=CC=CC=C3)C(=O)NC4=CC=CC=C4'}]",LDLR,"[-0.01789032  0.00319914 -0.01178884 ... -0.0223491   0.00239331
 -0.0045485 ]","[-0.04215081  0.01215585 -0.01301755 ... -0.0217595  -0.01109024
 -0.0160894 ]","[ 0.00175955 -0.00061881  0.00135734 ... -0.02051857  0.00319698
 -0.02469394]","[-0.03343358  0.00209452 -0.0035264  ... -0.02115186 -0.01569331
 -0.02225406]","Gene Symbol LDLR The low density lipoprotein receptor (LDLR) gene family consists of cell surface proteins involved in receptor-mediated endocytosis of specific ligands. The encoded protein is normally bound at the cell membrane, where it binds low density lipoprotein/cholesterol and is taken into the cell. Lysosomes release the cholesterol, which is made available for repression of microsomal enzyme 3-hydroxy-3-methylglutaryl coenzyme A (HMG CoA) reductase, the rate-limiting step in cholesterol synthesis. At the same time, a reciprocal stimulation of cholesterol ester synthesis takes place. Mutations in this gene cause the autosomal dominant disorder, familial hypercholesterolemia. Alternate splicing results in multiple transcript variants.","Gene Symbol APOE The protein encoded by this gene is a major apoprotein of the chylomicron. It binds to a specific liver and peripheral cell receptor, and is essential for the normal catabolism of triglyceride-rich lipoprotein constituents. This gene maps to chromosome 19 in a cluster with the related apolipoprotein C1 and C2 genes. Mutations in this gene result in familial dysbetalipoproteinemia, or type III hyperlipoproteinemia (HLP III), in which increased plasma cholesterol and triglycerides are the consequence of impaired clearance of chylomicron and VLDL remnants."
9,APOE,Genome importance → disease,Disease risk gene (neurodegeneration),Lipoprotein involved in cholesterol transport; ε2/ε3/ε4 isoforms modulate Alzheimer’s disease risk and onset.,19q13.32,,"['APOA1', 'APOB', 'APOC3', 'LDLR', 'LRP1']",,"[{'drug_name': 'Atorvastatin', 'mechanism': 'HMG-CoA reductase inhibitor; modulates LDL-C and may impact APOE-related phenotypes', 'smiles': 'CC(C)C1=C(C(=C(N1CC[C@H](C[C@H](CC(=O)O)O)O)C2=CC=C(C=C2)F)C3=CC=CC=C3)C(=O)NC4=CC=CC=C4'}]",LRP1,"[-0.00844663  0.01631948 -0.01483831 ... -0.0115891   0.01098863
 -0.01165582]","[-0.02813974  0.0150131  -0.00471288 ... -0.01874672 -0.01095197
 -0.01835371]","[ 0.00175955 -0.00061881  0.00135734 ... -0.02051857  0.00319698
 -0.02469394]","[-0.03343358  0.00209452 -0.0035264  ... -0.02115186 -0.01569331
 -0.02225406]","Gene Symbol LRP1 This gene encodes a member of the low-density lipoprotein receptor family of proteins. The encoded preproprotein is proteolytically processed by furin to generate 515 kDa and 85 kDa subunits that form the mature receptor (PMID: 8546712). This receptor is involved in several cellular processes, including intracellular signaling, lipid homeostasis, and clearance of apoptotic cells. In addition, the encoded protein is necessary for the alpha 2-macroglobulin-mediated clearance of secreted amyloid precursor protein and beta-amyloid, the main component of amyloid plaques found in Alzheimer patients. Expression of this gene decreases with age and has been found to be lower than controls in brain tissue from Alzheimer's disease patients.","Gene Symbol APOE The protein encoded by this gene is a major apoprotein of the chylomicron. It binds to a specific liver and peripheral cell receptor, and is essential for the normal catabolism of triglyceride-rich lipoprotein constituents. This gene maps to chromosome 19 in a cluster with the related apolipoprotein C1 and C2 genes. Mutations in this gene result in familial dysbetalipoproteinemia, or type III hyperlipoproteinemia (HLP III), in which increased plasma cholesterol and triglycerides are the consequence of impaired clearance of chylomicron and VLDL remnants."
10,BRCA1,Genome importance → disease,Disease gene (DNA repair tumour suppressor),Core HR DNA repair factor; loss predisposes to breast/ovarian cancer and drives PARP inhibitor sensitivity.,"chr17:43,044,295–43,170,327 (17q21.31)",['NM_007294.4'],"['BRCA2', 'PALB2', 'BARD1', 'RAD51', 'CHEK2']",,"[{'drug_name': 'Olaparib (PARP inhibitor)', 'mechanism': 'Exploits HR deficiency via PARP1/2 blockade', 'smiles': 'Fc1c(cc(cc1)C=C4NNC(=O)c5c4cccc5)C(=O)N2CCN(CC2)C(=O)C3CC3'}]",CHEK2,"[-0.02365346  0.00203409 -0.00752917 ... -0.00183169  0.00454381
 -0.00933725]","[-0.03148861 -0.0149433  -0.02123315 ... -0.0011974  -0.01302615
 -0.00655575]","[-0.02887905 -0.02564534 -0.02051099 ... -0.006771   -0.01548223
 -0.01263788]","[-0.03991819 -0.00813607 -0.02300768 ... -0.00866371 -0.02678583
 -0.00010031]","Gene Symbol CHEK2 In response to DNA damage and replication blocks, cell cycle progression is halted through the control of critical cell cycle regulators. The protein encoded by this gene is a cell cycle checkpoint regulator and putative tumor suppressor. It contains a forkhead-associated protein interaction domain essential for activation in response to DNA damage and is rapidly phosphorylated in response to replication blocks and DNA damage. When activated, the encoded protein is known to inhibit CDC25C phosphatase, preventing entry into mitosis, and has been shown to stabilize the tumor suppressor protein p53, leading to cell cycle arrest in G1. In addition, this protein interacts with and phosphorylates BRCA1, allowing BRCA1 to restore survival after DNA damage. Mutations in this gene have been linked with Li-Fraumeni syndrome, a highly penetrant familial cancer phenotype usually associated with inherited mutations in TP53. Also, mutations in this gene are thought to confer a predisposition to sarcomas, breast cancer, and brain tumors. This nuclear protein is a member of the CDS1 subfamily of serine/threonine protein kinases. Several transcript variants encoding different isoforms have been found for this gene.","Gene Symbol BRCA1 This gene encodes a 190 kD nuclear phosphoprotein that plays a role in maintaining genomic stability, and it also acts as a tumor suppressor. The BRCA1 gene contains 22 exons spanning about 110 kb of DNA. The encoded protein combines with other tumor suppressors, DNA damage sensors, and signal transducers to form a large multi-subunit protein complex known as the BRCA1-associated genome surveillance complex (BASC). This gene product associates with RNA polymerase II, and through the C-terminal domain, also interacts with histone deacetylase complexes. This protein thus plays a role in transcription, DNA repair of double-stranded breaks, and recombination. Mutations in this gene are responsible for approximately 40% of inherited breast cancers and more than 80% of inherited breast and ovarian cancers. Alternative splicing plays a role in modulating the subcellular localization and physiological function of this gene. Many alternatively spliced transcript variants, some of which are disease-associated mutations, have been described for this gene, but the full-length natures of only some of these variants has been described. A related pseudogene, which is also located on chromosome 17, has been identified."
11,BRCA1,Genome importance → disease,Disease gene (DNA repair tumour suppressor),Core HR DNA repair factor; loss predisposes to breast/ovarian cancer and drives PARP inhibitor sensitivity.,"chr17:43,044,295–43,170,327 (17q21.31)",['NM_007294.4'],"['BRCA2', 'PALB2', 'BARD1', 'RAD51', 'CHEK2']",,"[{'drug_name': 'Olaparib (PARP inhibitor)', 'mechanism': 'Exploits HR deficiency via PARP1/2 blockade', 'smiles': 'Fc1c(cc(cc1)C=C4NNC(=O)c5c4cccc5)C(=O)N2CCN(CC2)C(=O)C3CC3'}]",BRCA2,"[-0.03738425 -0.02527122 -0.01209293 ... -0.00575503 -0.02200177
 -0.00501137]","[-0.03943034 -0.00638244 -0.02438762 ...  0.00326747 -0.01683382
 -0.00226971]","[-0.02887905 -0.02564534 -0.02051099 ... -0.006771   -0.01548223
 -0.01263788]","[-0.03991819 -0.00813607 -0.02300768 ... -0.00866371 -0.02678583
 -0.00010031]","Gene Symbol BRCA2 Inherited mutations in BRCA1 and this gene, BRCA2, confer increased lifetime risk of developing breast or ovarian cancer. Both BRCA1 and BRCA2 are involved in maintenance of genome stability, specifically the homologous recombination pathway for double-strand DNA repair. The largest exon in both genes is exon 11, which harbors the most important and frequent mutations in breast cancer patients. The BRCA2 gene was found on chromosome 13q12.3 in human. The BRCA2 protein contains several copies of a 70 aa motif called the BRC motif, and these motifs mediate binding to the RAD51 recombinase which functions in DNA repair. BRCA2 is considered a tumor suppressor gene, as tumors with BRCA2 mutations generally exhibit loss of heterozygosity (LOH) of the wild-type allele.","Gene Symbol BRCA1 This gene encodes a 190 kD nuclear phosphoprotein that plays a role in maintaining genomic stability, and it also acts as a tumor suppressor. The BRCA1 gene contains 22 exons spanning about 110 kb of DNA. The encoded protein combines with other tumor suppressors, DNA damage sensors, and signal transducers to form a large multi-subunit protein complex known as the BRCA1-associated genome surveillance complex (BASC). This gene product associates with RNA polymerase II, and through the C-terminal domain, also interacts with histone deacetylase complexes. This protein thus plays a role in transcription, DNA repair of double-stranded breaks, and recombination. Mutations in this gene are responsible for approximately 40% of inherited breast cancers and more than 80% of inherited breast and ovarian cancers. Alternative splicing plays a role in modulating the subcellular localization and physiological function of this gene. Many alternatively spliced transcript variants, some of which are disease-associated mutations, have been described for this gene, but the full-length natures of only some of these variants has been described. A related pseudogene, which is also located on chromosome 17, has been identified."
12,BRCA1,Genome importance → disease,Disease gene (DNA repair tumour suppressor),Core HR DNA repair factor; loss predisposes to breast/ovarian cancer and drives PARP inhibitor sensitivity.,"chr17:43,044,295–43,170,327 (17q21.31)",['NM_007294.4'],"['BRCA2', 'PALB2', 'BARD1', 'RAD51', 'CHEK2']",,"[{'drug_name': 'Olaparib (PARP inhibitor)', 'mechanism': 'Exploits HR deficiency via PARP1/2 blockade', 'smiles': 'Fc1c(cc(cc1)C=C4NNC(=O)c5c4cccc5)C(=O)N2CCN(CC2)C(=O)C3CC3'}]",PALB2,"[-0.02510594 -0.00017446  0.02693305 ... -0.02032837 -0.01065818
 -0.00582647]","[-0.05167237 -0.00527042 -0.00163599 ... -0.00875139 -0.02443857
  0.00023409]","[-0.02887905 -0.02564534 -0.02051099 ... -0.006771   -0.01548223
 -0.01263788]","[-0.03991819 -0.00813607 -0.02300768 ... -0.00866371 -0.02678583
 -0.00010031]",Gene Symbol PALB2 This gene encodes a protein that may function in tumor suppression. This protein binds to and colocalizes with the breast cancer 2 early onset protein (BRCA2) in nuclear foci and likely permits the stable intranuclear localization and accumulation of BRCA2.,"Gene Symbol BRCA1 This gene encodes a 190 kD nuclear phosphoprotein that plays a role in maintaining genomic stability, and it also acts as a tumor suppressor. The BRCA1 gene contains 22 exons spanning about 110 kb of DNA. The encoded protein combines with other tumor suppressors, DNA damage sensors, and signal transducers to form a large multi-subunit protein complex known as the BRCA1-associated genome surveillance complex (BASC). This gene product associates with RNA polymerase II, and through the C-terminal domain, also interacts with histone deacetylase complexes. This protein thus plays a role in transcription, DNA repair of double-stranded breaks, and recombination. Mutations in this gene are responsible for approximately 40% of inherited breast cancers and more than 80% of inherited breast and ovarian cancers. Alternative splicing plays a role in modulating the subcellular localization and physiological function of this gene. Many alternatively spliced transcript variants, some of which are disease-associated mutations, have been described for this gene, but the full-length natures of only some of these variants has been described. A related pseudogene, which is also located on chromosome 17, has been identified."
13,BRCA1,Genome importance → disease,Disease gene (DNA repair tumour suppressor),Core HR DNA repair factor; loss predisposes to breast/ovarian cancer and drives PARP inhibitor sensitivity.,"chr17:43,044,295–43,170,327 (17q21.31)",['NM_007294.4'],"['BRCA2', 'PALB2', 'BARD1', 'RAD51', 'CHEK2']",,"[{'drug_name': 'Olaparib (PARP inhibitor)', 'mechanism': 'Exploits HR deficiency via PARP1/2 blockade', 'smiles': 'Fc1c(cc(cc1)C=C4NNC(=O)c5c4cccc5)C(=O)N2CCN(CC2)C(=O)C3CC3'}]",BARD1,"[-0.01151101 -0.0110619  -0.01421948 ... -0.02819023 -0.02017536
 -0.01161465]","[-0.04707543 -0.02490106 -0.02300307 ... -0.00650595 -0.03386972
 -0.00180108]","[-0.02887905 -0.02564534 -0.02051099 ... -0.006771   -0.01548223
 -0.01263788]","[-0.03991819 -0.00813607 -0.02300768 ... -0.00866371 -0.02678583
 -0.00010031]","Gene Symbol BARD1 This gene encodes a protein which interacts with the N-terminal region of BRCA1. In addition to its ability to bind BRCA1 in vivo and in vitro, it shares homology with the 2 most conserved regions of BRCA1: the N-terminal RING motif and the C-terminal BRCT domain. The RING motif is a cysteine-rich sequence found in a variety of proteins that regulate cell growth, including the products of tumor suppressor genes and dominant protooncogenes. This protein also contains 3 tandem ankyrin repeats. The BARD1/BRCA1 interaction is disrupted by tumorigenic amino acid substitutions in BRCA1, implying that the formation of a stable complex between these proteins may be an essential aspect of BRCA1 tumor suppression. This protein may be the target of oncogenic mutations in breast or ovarian cancer. Multiple alternatively spliced transcript variants encoding different isoforms have been found for this gene.","Gene Symbol BRCA1 This gene encodes a 190 kD nuclear phosphoprotein that plays a role in maintaining genomic stability, and it also acts as a tumor suppressor. The BRCA1 gene contains 22 exons spanning about 110 kb of DNA. The encoded protein combines with other tumor suppressors, DNA damage sensors, and signal transducers to form a large multi-subunit protein complex known as the BRCA1-associated genome surveillance complex (BASC). This gene product associates with RNA polymerase II, and through the C-terminal domain, also interacts with histone deacetylase complexes. This protein thus plays a role in transcription, DNA repair of double-stranded breaks, and recombination. Mutations in this gene are responsible for approximately 40% of inherited breast cancers and more than 80% of inherited breast and ovarian cancers. Alternative splicing plays a role in modulating the subcellular localization and physiological function of this gene. Many alternatively spliced transcript variants, some of which are disease-associated mutations, have been described for this gene, but the full-length natures of only some of these variants has been described. A related pseudogene, which is also located on chromosome 17, has been identified."
14,BRCA1,Genome importance → disease,Disease gene (DNA repair tumour suppressor),Core HR DNA repair factor; loss predisposes to breast/ovarian cancer and drives PARP inhibitor sensitivity.,"chr17:43,044,295–43,170,327 (17q21.31)",['NM_007294.4'],"['BRCA2', 'PALB2', 'BARD1', 'RAD51', 'CHEK2']",,"[{'drug_name': 'Olaparib (PARP inhibitor)', 'mechanism': 'Exploits HR deficiency via PARP1/2 blockade', 'smiles': 'Fc1c(cc(cc1)C=C4NNC(=O)c5c4cccc5)C(=O)N2CCN(CC2)C(=O)C3CC3'}]",RAD51,"[-0.02320974 -0.00196943 -0.01876769 ... -0.02209923 -0.01339558
 -0.01351357]","[-0.05368793 -0.02206532 -0.02218283 ... -0.00070464 -0.02083802
 -0.00011169]","[-0.02887905 -0.02564534 -0.02051099 ... -0.006771   -0.01548223
 -0.01263788]","[-0.03991819 -0.00813607 -0.02300768 ... -0.00866371 -0.02678583
 -0.00010031]","Gene Symbol RAD51 The protein encoded by this gene is a member of the RAD51 protein family. RAD51 family members are highly similar to bacterial RecA and Saccharomyces cerevisiae Rad51, and are known to be involved in the homologous recombination and repair of DNA. This protein can interact with the ssDNA-binding protein RPA and RAD52, and it is thought to play roles in homologous pairing and strand transfer of DNA. This protein is also found to interact with BRCA1 and BRCA2, which may be important for the cellular response to DNA damage. BRCA2 is shown to regulate both the intracellular localization and DNA-binding ability of this protein. Loss of these controls following BRCA2 inactivation may be a key event leading to genomic instability and tumorigenesis. Multiple transcript variants encoding different isoforms have been found for this gene.","Gene Symbol BRCA1 This gene encodes a 190 kD nuclear phosphoprotein that plays a role in maintaining genomic stability, and it also acts as a tumor suppressor. The BRCA1 gene contains 22 exons spanning about 110 kb of DNA. The encoded protein combines with other tumor suppressors, DNA damage sensors, and signal transducers to form a large multi-subunit protein complex known as the BRCA1-associated genome surveillance complex (BASC). This gene product associates with RNA polymerase II, and through the C-terminal domain, also interacts with histone deacetylase complexes. This protein thus plays a role in transcription, DNA repair of double-stranded breaks, and recombination. Mutations in this gene are responsible for approximately 40% of inherited breast cancers and more than 80% of inherited breast and ovarian cancers. Alternative splicing plays a role in modulating the subcellular localization and physiological function of this gene. Many alternatively spliced transcript variants, some of which are disease-associated mutations, have been described for this gene, but the full-length natures of only some of these variants has been described. A related pseudogene, which is also located on chromosome 17, has been identified."
15,CFTR,Genome importance → disease,Disease gene (channelopathy),ABC transporter family member functioning as a cAMP-regulated chloride channel in epithelial cells; pathogenic variants cause cystic fibrosis.,7q31.2,['NM_000492.4'],"['ABCC4', 'ABCC2', 'SLC9A3', 'ENaC complex']",,"[{'drug_name': 'Ivacaftor (CFTR potentiator)', 'mechanism': 'Increases open probability of gating-defective CFTR', 'smiles': 'CC(C)(C)C1=CC(=C(C=C1NC(=O)C2=CNC3=CC=CC=C3C2=O)O)C(C)(C)C'}]",ABCC4,"[-0.02015979 -0.01942143  0.0037709  ... -0.02348239 -0.01499129
 -0.01857759]","[-0.01528191 -0.01744619 -0.00148959 ... -0.04489556 -0.02842594
 -0.00959408]","[-0.03002132 -0.0183843  -0.01423213 ...  0.0328896   0.00576387
 -0.01951795]","[-0.02046665 -0.00575056 -0.00135393 ... -0.00256158 -0.02837244
 -0.01285342]","Gene Symbol ABCC4 The protein encoded by this gene is a member of the superfamily of ATP-binding cassette (ABC) transporters. ABC proteins transport various molecules across extra- and intra-cellular membranes. ABC genes are divided into seven distinct subfamilies (ABC1, MDR/TAP, MRP, ALD, OABP, GCN20, White). This protein is a member of the MRP subfamily which is involved in multi-drug resistance. This family member plays a role in cellular detoxification as a pump for its substrate, organic anions. It may also function in prostaglandin-mediated cAMP signaling in ciliogenesis. Alternative splicing of this gene results in multiple transcript variants.","Gene Symbol CFTR This gene encodes a member of the ATP-binding cassette (ABC) transporter superfamily. The encoded protein functions as a chloride channel, making it unique among members of this protein family, and controls ion and water secretion and absorption in epithelial tissues. Channel activation is mediated by cycles of regulatory domain phosphorylation, ATP-binding by the nucleotide-binding domains, and ATP hydrolysis. Mutations in this gene cause cystic fibrosis, the most common lethal genetic disorder in populations of Northern European descent. The most frequently occurring mutation in cystic fibrosis, DeltaF508, results in impaired folding and trafficking of the encoded protein. Multiple pseudogenes have been identified in the human genome."
16,CFTR,Genome importance → disease,Disease gene (channelopathy),ABC transporter family member functioning as a cAMP-regulated chloride channel in epithelial cells; pathogenic variants cause cystic fibrosis.,7q31.2,['NM_000492.4'],"['ABCC4', 'ABCC2', 'SLC9A3', 'ENaC complex']",,"[{'drug_name': 'Ivacaftor (CFTR potentiator)', 'mechanism': 'Increases open probability of gating-defective CFTR', 'smiles': 'CC(C)(C)C1=CC(=C(C=C1NC(=O)C2=CNC3=CC=CC=C3C2=O)O)C(C)(C)C'}]",ABCC2,"[-0.02041979 -0.02125409 -0.00229603 ... -0.02282694 -0.02089848
 -0.01689112]","[-0.01357173 -0.00880788 -0.00070632 ... -0.04962778 -0.03036299
 -0.00261586]","[-0.03002132 -0.0183843  -0.01423213 ...  0.0328896   0.00576387
 -0.01951795]","[-0.02046665 -0.00575056 -0.00135393 ... -0.00256158 -0.02837244
 -0.01285342]","Gene Symbol ABCC2 The protein encoded by this gene is a member of the superfamily of ATP-binding cassette (ABC) transporters. ABC proteins transport various molecules across extra- and intra-cellular membranes. ABC genes are divided into seven distinct subfamilies (ABC1, MDR/TAP, MRP, ALD, OABP, GCN20, White). This protein is a member of the MRP subfamily which is involved in multi-drug resistance. This protein is expressed in the canalicular (apical) part of the hepatocyte and functions in biliary transport. Substrates include anticancer drugs such as vinblastine; therefore, this protein appears to contribute to drug resistance in mammalian cells. Several different mutations in this gene have been observed in patients with Dubin-Johnson syndrome (DJS), an autosomal recessive disorder characterized by conjugated hyperbilirubinemia.","Gene Symbol CFTR This gene encodes a member of the ATP-binding cassette (ABC) transporter superfamily. The encoded protein functions as a chloride channel, making it unique among members of this protein family, and controls ion and water secretion and absorption in epithelial tissues. Channel activation is mediated by cycles of regulatory domain phosphorylation, ATP-binding by the nucleotide-binding domains, and ATP hydrolysis. Mutations in this gene cause cystic fibrosis, the most common lethal genetic disorder in populations of Northern European descent. The most frequently occurring mutation in cystic fibrosis, DeltaF508, results in impaired folding and trafficking of the encoded protein. Multiple pseudogenes have been identified in the human genome."
17,CFTR,Genome importance → disease,Disease gene (channelopathy),ABC transporter family member functioning as a cAMP-regulated chloride channel in epithelial cells; pathogenic variants cause cystic fibrosis.,7q31.2,['NM_000492.4'],"['ABCC4', 'ABCC2', 'SLC9A3', 'ENaC complex']",,"[{'drug_name': 'Ivacaftor (CFTR potentiator)', 'mechanism': 'Increases open probability of gating-defective CFTR', 'smiles': 'CC(C)(C)C1=CC(=C(C=C1NC(=O)C2=CNC3=CC=CC=C3C2=O)O)C(C)(C)C'}]",SLC9A3,"[-0.01896371  0.00580829  0.01030693 ... -0.0264418  -0.00492428
 -0.01160348]","[-0.00632107  0.01822032  0.019276   ... -0.03060179 -0.00796976
 -0.01799875]","[-0.03002132 -0.0183843  -0.01423213 ...  0.0328896   0.00576387
 -0.01951795]","[-0.02046665 -0.00575056 -0.00135393 ... -0.00256158 -0.02837244
 -0.01285342]",Gene Symbol SLC9A3 The protein encoded by this gene is an epithelial brush border Na/H exchanger that uses an inward sodium ion gradient to expel acids from the cell. Defects in this gene are a cause of congenital secretory sodium diarrhea. Pseudogenes of this gene exist on chromosomes 10 and 22.,"Gene Symbol CFTR This gene encodes a member of the ATP-binding cassette (ABC) transporter superfamily. The encoded protein functions as a chloride channel, making it unique among members of this protein family, and controls ion and water secretion and absorption in epithelial tissues. Channel activation is mediated by cycles of regulatory domain phosphorylation, ATP-binding by the nucleotide-binding domains, and ATP hydrolysis. Mutations in this gene cause cystic fibrosis, the most common lethal genetic disorder in populations of Northern European descent. The most frequently occurring mutation in cystic fibrosis, DeltaF508, results in impaired folding and trafficking of the encoded protein. Multiple pseudogenes have been identified in the human genome."
18,CYP2C19,Gene-to-Drug interactions,Gene-to-Drugs (pharmacogene),Polymorphic P450 that activates clopidogrel and metabolizes PPIs and several psychotropics.,10q23.33,,,,"[{'drug_name': 'Clopidogrel', 'mechanism': 'CYP2C19-dependent bioactivation', 'smiles': 'COC(=O)[C@@H](N1CCc2sccc2C1)c3ccccc3Cl'}]",,,,,,No Description,"Gene Symbol CYP2C19 This gene encodes a member of the cytochrome P450 superfamily of enzymes. The cytochrome P450 proteins are monooxygenases which catalyze many reactions involved in drug metabolism and synthesis of cholesterol, steroids and other lipids. This protein localizes to the endoplasmic reticulum and is known to metabolize many xenobiotics, including the anticonvulsive drug mephenytoin, omeprazole, diazepam and some barbiturates. Polymorphism within this gene is associated with variable ability to metabolize mephenytoin, known as the poor metabolizer and extensive metabolizer phenotypes. The gene is located within a cluster of cytochrome P450 genes on chromosome 10q24."
19,CYP2D6,Gene-to-Drug interactions,Gene-to-Drugs (pharmacogene),Cytochrome P450 enzyme with highly polymorphic activity affecting the metabolism of many drugs.,22q13.2,,,,"[{'drug_name': 'Codeine', 'mechanism': 'Prodrug bioactivation to morphine via CYP2D6', 'smiles': 'CN1CC[C@]23[C@@H]4[C@H]1CC5=C2C(=C(C=C5)OC)O[C@H]3[C@H](C=C4)O'}, {'drug_name': 'Metoprolol', 'mechanism': 'Major CYP2D6 substrate', 'smiles': 'CC(C)NCC(COC1=CC=C(C=C1)CCOC)O'}]",,,,,,No Description,"Gene Symbol CYP2D6 This gene encodes a member of the cytochrome P450 superfamily of enzymes. The cytochrome P450 proteins are monooxygenases which catalyze many reactions involved in drug metabolism and synthesis of cholesterol, steroids and other lipids. This protein localizes to the endoplasmic reticulum and is known to metabolize as many as 25% of commonly prescribed drugs. Its substrates include antidepressants, antipsychotics, analgesics and antitussives, beta adrenergic blocking agents, antiarrythmics and antiemetics. The gene is highly polymorphic in the human population; certain alleles result in the poor metabolizer phenotype, characterized by a decreased ability to metabolize the enzyme's substrates. Some individuals with the poor metabolizer phenotype have no functional protein since they carry 2 null alleles whereas in other individuals the gene is absent. This gene can vary in copy number and individuals with the ultrarapid metabolizer phenotype can have 3 or more active copies of the gene. Alternatively spliced transcript variants encoding different isoforms have been found for this gene."
20,EGFR,Gene-to-Gene interaction hubs,Interaction hub (RTK),Ligand-activated RTK driving proliferation/survival signaling; activating lung-cancer mutations are TKI-sensitive.,7p11.2,,"['ERBB2', 'ERBB3', 'ERBB4', 'MET', 'KRAS']",,"[{'drug_name': 'Gefitinib', 'mechanism': 'ATP-competitive EGFR TKI', 'smiles': 'COC1=CC2=NC=NC(NC3=CC(Cl)=C(F)C=C3)=C2C=C1OCCCN4CCOCC4'}]",ERBB2,"[-0.03973693 -0.02270128 -0.02191223 ... -0.02271421 -0.01126656
 -0.00112375]","[-0.05190114 -0.01332562 -0.02219239 ... -0.02688056 -0.01498177
  0.0006127 ]","[-0.02690916 -0.01469479 -0.00301002 ... -0.03201747  0.00762225
 -0.00866805]","[-0.04124489 -0.01497961 -0.02621432 ... -0.03625169 -0.00083034
 -0.0059358 ]","Gene Symbol ERBB2 This gene encodes a member of the epidermal growth factor (EGF) receptor family of receptor tyrosine kinases. This protein has no ligand binding domain of its own and therefore cannot bind growth factors. However, it does bind tightly to other ligand-bound EGF receptor family members to form a heterodimer, stabilizing ligand binding and enhancing kinase-mediated activation of downstream signalling pathways, such as those involving mitogen-activated protein kinase and phosphatidylinositol-3 kinase. Allelic variations at amino acid positions 654 and 655 of isoform a (positions 624 and 625 of isoform b) have been reported, with the most common allele, Ile654/Ile655, shown here. Amplification and/or overexpression of this gene has been reported in numerous cancers, including breast and ovarian tumors. Alternative splicing results in several additional transcript variants, some encoding different isoforms and others that have not been fully characterized.","Gene Symbol EGFR The protein encoded by this gene is a transmembrane glycoprotein that is a member of the protein kinase superfamily. This protein is a receptor for members of the epidermal growth factor family. EGFR is a cell surface protein that binds to epidermal growth factor, thus inducing receptor dimerization and tyrosine autophosphorylation leading to cell proliferation. Mutations in this gene are associated with lung cancer. EGFR is a component of the cytokine storm which contributes to a severe form of Coronavirus Disease 2019 (COVID-19) resulting from infection with severe acute respiratory syndrome coronavirus-2 (SARS-CoV-2)."
21,EGFR,Gene-to-Gene interaction hubs,Interaction hub (RTK),Ligand-activated RTK driving proliferation/survival signaling; activating lung-cancer mutations are TKI-sensitive.,7p11.2,,"['ERBB2', 'ERBB3', 'ERBB4', 'MET', 'KRAS']",,"[{'drug_name': 'Gefitinib', 'mechanism': 'ATP-competitive EGFR TKI', 'smiles': 'COC1=CC2=NC=NC(NC3=CC(Cl)=C(F)C=C3)=C2C=C1OCCCN4CCOCC4'}]",ERBB3,"[-0.03843002 -0.02428581 -0.02038618 ... -0.01714293 -0.00102719
 -0.01359079]","[-0.05184197 -0.02433399 -0.02768862 ... -0.02714672 -0.01335402
  0.00578674]","[-0.02690916 -0.01469479 -0.00301002 ... -0.03201747  0.00762225
 -0.00866805]","[-0.04124489 -0.01497961 -0.02621432 ... -0.03625169 -0.00083034
 -0.0059358 ]","Gene Symbol ERBB3 This gene encodes a member of the epidermal growth factor receptor (EGFR) family of receptor tyrosine kinases. This membrane-bound protein has a neuregulin binding domain but not an active kinase domain. It therefore can bind this ligand but not convey the signal into the cell through protein phosphorylation. However, it does form heterodimers with other EGF receptor family members which do have kinase activity. Heterodimerization leads to the activation of pathways which lead to cell proliferation or differentiation. Amplification of this gene and/or overexpression of its protein have been reported in numerous cancers, including prostate, bladder, and breast tumors. Alternate transcriptional splice variants encoding different isoforms have been characterized. One isoform lacks the intermembrane region and is secreted outside the cell. This form acts to modulate the activity of the membrane-bound form. Additional splice variants have also been reported, but they have not been thoroughly characterized.","Gene Symbol EGFR The protein encoded by this gene is a transmembrane glycoprotein that is a member of the protein kinase superfamily. This protein is a receptor for members of the epidermal growth factor family. EGFR is a cell surface protein that binds to epidermal growth factor, thus inducing receptor dimerization and tyrosine autophosphorylation leading to cell proliferation. Mutations in this gene are associated with lung cancer. EGFR is a component of the cytokine storm which contributes to a severe form of Coronavirus Disease 2019 (COVID-19) resulting from infection with severe acute respiratory syndrome coronavirus-2 (SARS-CoV-2)."
22,EGFR,Gene-to-Gene interaction hubs,Interaction hub (RTK),Ligand-activated RTK driving proliferation/survival signaling; activating lung-cancer mutations are TKI-sensitive.,7p11.2,,"['ERBB2', 'ERBB3', 'ERBB4', 'MET', 'KRAS']",,"[{'drug_name': 'Gefitinib', 'mechanism': 'ATP-competitive EGFR TKI', 'smiles': 'COC1=CC2=NC=NC(NC3=CC(Cl)=C(F)C=C3)=C2C=C1OCCCN4CCOCC4'}]",ERBB4,"[-0.04012247 -0.0167493  -0.02312035 ... -0.01822829 -0.00541034
 -0.00895613]","[-0.04282229 -0.02361277 -0.01911939 ... -0.0226729  -0.01279776
 -0.00425519]","[-0.02690916 -0.01469479 -0.00301002 ... -0.03201747  0.00762225
 -0.00866805]","[-0.04124489 -0.01497961 -0.02621432 ... -0.03625169 -0.00083034
 -0.0059358 ]","Gene Symbol ERBB4 This gene is a member of the Tyr protein kinase family and the epidermal growth factor receptor subfamily. It encodes a single-pass type I membrane protein with multiple cysteine rich domains, a transmembrane domain, a tyrosine kinase domain, a phosphotidylinositol-3 kinase binding site and a PDZ domain binding motif. The protein binds to and is activated by neuregulins and other factors and induces a variety of cellular responses including mitogenesis and differentiation. Multiple proteolytic events allow for the release of a cytoplasmic fragment and an extracellular fragment. Mutations in this gene have been associated with cancer. Alternatively spliced variants which encode different protein isoforms have been described; however, not all variants have been fully characterized.","Gene Symbol EGFR The protein encoded by this gene is a transmembrane glycoprotein that is a member of the protein kinase superfamily. This protein is a receptor for members of the epidermal growth factor family. EGFR is a cell surface protein that binds to epidermal growth factor, thus inducing receptor dimerization and tyrosine autophosphorylation leading to cell proliferation. Mutations in this gene are associated with lung cancer. EGFR is a component of the cytokine storm which contributes to a severe form of Coronavirus Disease 2019 (COVID-19) resulting from infection with severe acute respiratory syndrome coronavirus-2 (SARS-CoV-2)."
23,EGFR,Gene-to-Gene interaction hubs,Interaction hub (RTK),Ligand-activated RTK driving proliferation/survival signaling; activating lung-cancer mutations are TKI-sensitive.,7p11.2,,"['ERBB2', 'ERBB3', 'ERBB4', 'MET', 'KRAS']",,"[{'drug_name': 'Gefitinib', 'mechanism': 'ATP-competitive EGFR TKI', 'smiles': 'COC1=CC2=NC=NC(NC3=CC(Cl)=C(F)C=C3)=C2C=C1OCCCN4CCOCC4'}]",MET,"[-0.02402196 -0.02636453 -0.00732585 ... -0.01712204 -0.02576824
 -0.02008929]","[-0.03663062 -0.01542683 -0.02387208 ... -0.0351799  -0.02354825
  0.00198016]","[-0.02690916 -0.01469479 -0.00301002 ... -0.03201747  0.00762225
 -0.00866805]","[-0.04124489 -0.01497961 -0.02621432 ... -0.03625169 -0.00083034
 -0.0059358 ]","Gene Symbol MET This gene encodes a member of the receptor tyrosine kinase family of proteins and the product of the proto-oncogene MET. The encoded preproprotein is proteolytically processed to generate alpha and beta subunits that are linked via disulfide bonds to form the mature receptor. Further processing of the beta subunit results in the formation of the M10 peptide, which has been shown to reduce lung fibrosis. Binding of its ligand, hepatocyte growth factor, induces dimerization and activation of the receptor, which plays a role in cellular survival, embryogenesis, and cellular migration and invasion. Mutations in this gene are associated with papillary renal cell carcinoma, hepatocellular carcinoma, and various head and neck cancers. Amplification and overexpression of this gene are also associated with multiple human cancers.","Gene Symbol EGFR The protein encoded by this gene is a transmembrane glycoprotein that is a member of the protein kinase superfamily. This protein is a receptor for members of the epidermal growth factor family. EGFR is a cell surface protein that binds to epidermal growth factor, thus inducing receptor dimerization and tyrosine autophosphorylation leading to cell proliferation. Mutations in this gene are associated with lung cancer. EGFR is a component of the cytokine storm which contributes to a severe form of Coronavirus Disease 2019 (COVID-19) resulting from infection with severe acute respiratory syndrome coronavirus-2 (SARS-CoV-2)."
24,EGFR,Gene-to-Drug interactions,Gene-to-Drugs (oncogenic target),RTK with sensitizing lung-cancer mutations; predictive for EGFR TKIs.,,,,,"[{'drug_name': 'Gefitinib', 'mechanism': 'First-generation EGFR TKI', 'smiles': 'COC1=CC2=NC=NC(NC3=CC(Cl)=C(F)C=C3)=C2C=C1OCCCN4CCOCC4'}]",ERBB2,"[-0.03973693 -0.02270128 -0.02191223 ... -0.02271421 -0.01126656
 -0.00112375]","[-0.05190114 -0.01332562 -0.02219239 ... -0.02688056 -0.01498177
  0.0006127 ]","[-0.02690916 -0.01469479 -0.00301002 ... -0.03201747  0.00762225
 -0.00866805]","[-0.04124489 -0.01497961 -0.02621432 ... -0.03625169 -0.00083034
 -0.0059358 ]","Gene Symbol ERBB2 This gene encodes a member of the epidermal growth factor (EGF) receptor family of receptor tyrosine kinases. This protein has no ligand binding domain of its own and therefore cannot bind growth factors. However, it does bind tightly to other ligand-bound EGF receptor family members to form a heterodimer, stabilizing ligand binding and enhancing kinase-mediated activation of downstream signalling pathways, such as those involving mitogen-activated protein kinase and phosphatidylinositol-3 kinase. Allelic variations at amino acid positions 654 and 655 of isoform a (positions 624 and 625 of isoform b) have been reported, with the most common allele, Ile654/Ile655, shown here. Amplification and/or overexpression of this gene has been reported in numerous cancers, including breast and ovarian tumors. Alternative splicing results in several additional transcript variants, some encoding different isoforms and others that have not been fully characterized.","Gene Symbol EGFR The protein encoded by this gene is a transmembrane glycoprotein that is a member of the protein kinase superfamily. This protein is a receptor for members of the epidermal growth factor family. EGFR is a cell surface protein that binds to epidermal growth factor, thus inducing receptor dimerization and tyrosine autophosphorylation leading to cell proliferation. Mutations in this gene are associated with lung cancer. EGFR is a component of the cytokine storm which contributes to a severe form of Coronavirus Disease 2019 (COVID-19) resulting from infection with severe acute respiratory syndrome coronavirus-2 (SARS-CoV-2)."
25,EGFR,Gene-to-Drug interactions,Gene-to-Drugs (oncogenic target),RTK with sensitizing lung-cancer mutations; predictive for EGFR TKIs.,,,,,"[{'drug_name': 'Gefitinib', 'mechanism': 'First-generation EGFR TKI', 'smiles': 'COC1=CC2=NC=NC(NC3=CC(Cl)=C(F)C=C3)=C2C=C1OCCCN4CCOCC4'}]",ERBB3,"[-0.03843002 -0.02428581 -0.02038618 ... -0.01714293 -0.00102719
 -0.01359079]","[-0.05184197 -0.02433399 -0.02768862 ... -0.02714672 -0.01335402
  0.00578674]","[-0.02690916 -0.01469479 -0.00301002 ... -0.03201747  0.00762225
 -0.00866805]","[-0.04124489 -0.01497961 -0.02621432 ... -0.03625169 -0.00083034
 -0.0059358 ]","Gene Symbol ERBB3 This gene encodes a member of the epidermal growth factor receptor (EGFR) family of receptor tyrosine kinases. This membrane-bound protein has a neuregulin binding domain but not an active kinase domain. It therefore can bind this ligand but not convey the signal into the cell through protein phosphorylation. However, it does form heterodimers with other EGF receptor family members which do have kinase activity. Heterodimerization leads to the activation of pathways which lead to cell proliferation or differentiation. Amplification of this gene and/or overexpression of its protein have been reported in numerous cancers, including prostate, bladder, and breast tumors. Alternate transcriptional splice variants encoding different isoforms have been characterized. One isoform lacks the intermembrane region and is secreted outside the cell. This form acts to modulate the activity of the membrane-bound form. Additional splice variants have also been reported, but they have not been thoroughly characterized.","Gene Symbol EGFR The protein encoded by this gene is a transmembrane glycoprotein that is a member of the protein kinase superfamily. This protein is a receptor for members of the epidermal growth factor family. EGFR is a cell surface protein that binds to epidermal growth factor, thus inducing receptor dimerization and tyrosine autophosphorylation leading to cell proliferation. Mutations in this gene are associated with lung cancer. EGFR is a component of the cytokine storm which contributes to a severe form of Coronavirus Disease 2019 (COVID-19) resulting from infection with severe acute respiratory syndrome coronavirus-2 (SARS-CoV-2)."
26,EGFR,Gene-to-Drug interactions,Gene-to-Drugs (oncogenic target),RTK with sensitizing lung-cancer mutations; predictive for EGFR TKIs.,,,,,"[{'drug_name': 'Gefitinib', 'mechanism': 'First-generation EGFR TKI', 'smiles': 'COC1=CC2=NC=NC(NC3=CC(Cl)=C(F)C=C3)=C2C=C1OCCCN4CCOCC4'}]",ERBB4,"[-0.04012247 -0.0167493  -0.02312035 ... -0.01822829 -0.00541034
 -0.00895613]","[-0.04282229 -0.02361277 -0.01911939 ... -0.0226729  -0.01279776
 -0.00425519]","[-0.02690916 -0.01469479 -0.00301002 ... -0.03201747  0.00762225
 -0.00866805]","[-0.04124489 -0.01497961 -0.02621432 ... -0.03625169 -0.00083034
 -0.0059358 ]","Gene Symbol ERBB4 This gene is a member of the Tyr protein kinase family and the epidermal growth factor receptor subfamily. It encodes a single-pass type I membrane protein with multiple cysteine rich domains, a transmembrane domain, a tyrosine kinase domain, a phosphotidylinositol-3 kinase binding site and a PDZ domain binding motif. The protein binds to and is activated by neuregulins and other factors and induces a variety of cellular responses including mitogenesis and differentiation. Multiple proteolytic events allow for the release of a cytoplasmic fragment and an extracellular fragment. Mutations in this gene have been associated with cancer. Alternatively spliced variants which encode different protein isoforms have been described; however, not all variants have been fully characterized.","Gene Symbol EGFR The protein encoded by this gene is a transmembrane glycoprotein that is a member of the protein kinase superfamily. This protein is a receptor for members of the epidermal growth factor family. EGFR is a cell surface protein that binds to epidermal growth factor, thus inducing receptor dimerization and tyrosine autophosphorylation leading to cell proliferation. Mutations in this gene are associated with lung cancer. EGFR is a component of the cytokine storm which contributes to a severe form of Coronavirus Disease 2019 (COVID-19) resulting from infection with severe acute respiratory syndrome coronavirus-2 (SARS-CoV-2)."
27,EGFR,Gene-to-Drug interactions,Gene-to-Drugs (oncogenic target),RTK with sensitizing lung-cancer mutations; predictive for EGFR TKIs.,,,,,"[{'drug_name': 'Gefitinib', 'mechanism': 'First-generation EGFR TKI', 'smiles': 'COC1=CC2=NC=NC(NC3=CC(Cl)=C(F)C=C3)=C2C=C1OCCCN4CCOCC4'}]",MET,"[-0.02402196 -0.02636453 -0.00732585 ... -0.01712204 -0.02576824
 -0.02008929]","[-0.03663062 -0.01542683 -0.02387208 ... -0.0351799  -0.02354825
  0.00198016]","[-0.02690916 -0.01469479 -0.00301002 ... -0.03201747  0.00762225
 -0.00866805]","[-0.04124489 -0.01497961 -0.02621432 ... -0.03625169 -0.00083034
 -0.0059358 ]","Gene Symbol MET This gene encodes a member of the receptor tyrosine kinase family of proteins and the product of the proto-oncogene MET. The encoded preproprotein is proteolytically processed to generate alpha and beta subunits that are linked via disulfide bonds to form the mature receptor. Further processing of the beta subunit results in the formation of the M10 peptide, which has been shown to reduce lung fibrosis. Binding of its ligand, hepatocyte growth factor, induces dimerization and activation of the receptor, which plays a role in cellular survival, embryogenesis, and cellular migration and invasion. Mutations in this gene are associated with papillary renal cell carcinoma, hepatocellular carcinoma, and various head and neck cancers. Amplification and overexpression of this gene are also associated with multiple human cancers.","Gene Symbol EGFR The protein encoded by this gene is a transmembrane glycoprotein that is a member of the protein kinase superfamily. This protein is a receptor for members of the epidermal growth factor family. EGFR is a cell surface protein that binds to epidermal growth factor, thus inducing receptor dimerization and tyrosine autophosphorylation leading to cell proliferation. Mutations in this gene are associated with lung cancer. EGFR is a component of the cytokine storm which contributes to a severe form of Coronavirus Disease 2019 (COVID-19) resulting from infection with severe acute respiratory syndrome coronavirus-2 (SARS-CoV-2)."
28,ERBB2,Gene-to-Drug interactions,Gene-to-Drugs (oncogenic target),Amplified/overexpressed RTK; defines HER2+ cancers with multiple targeted therapies.,17q12,,,,"[{'drug_name': 'Neratinib', 'mechanism': 'Covalent pan-ERBB inhibitor', 'smiles': 'CCOC1=C(NC(=O)/C=C/CN(C)C)C=C2C(NC3=CC=C(OCC4=CC=CC=N4)C(Cl)=C3)=C(C#N)N=CC2=C1'}]",,,,,,No Description,"Gene Symbol ERBB2 This gene encodes a member of the epidermal growth factor (EGF) receptor family of receptor tyrosine kinases. This protein has no ligand binding domain of its own and therefore cannot bind growth factors. However, it does bind tightly to other ligand-bound EGF receptor family members to form a heterodimer, stabilizing ligand binding and enhancing kinase-mediated activation of downstream signalling pathways, such as those involving mitogen-activated protein kinase and phosphatidylinositol-3 kinase. Allelic variations at amino acid positions 654 and 655 of isoform a (positions 624 and 625 of isoform b) have been reported, with the most common allele, Ile654/Ile655, shown here. Amplification and/or overexpression of this gene has been reported in numerous cancers, including breast and ovarian tumors. Alternative splicing results in several additional transcript variants, some encoding different isoforms and others that have not been fully characterized."
29,HBB,Genome importance → disease,Disease gene (hemoglobinopathy),β-globin subunit of adult hemoglobin; point mutations cause sickle cell disease and β-thalassemia.,11p15.4,['NM_000518.5'],"['HBA1', 'HBA2', 'HBD', 'HBG1', 'BCL11A']",,"[{'drug_name': 'Hydroxyurea', 'mechanism': 'HbF induction'}, {'drug_name': 'Voxelotor', 'mechanism': 'Inhibits HbS polymerization'}]",HBA1,"[-0.01637231 -0.02451847 -0.00535967 ... -0.02786493  0.00194988
 -0.00175822]","[-0.0208567  -0.0131723  -0.00552089 ... -0.03007797 -0.00451499
 -0.00986768]","[-0.01766844 -0.02857318 -0.02138157 ... -0.01628809  0.00251396
 -0.00116294]","[-0.01823345 -0.01092571 -0.00492734 ... -0.03032814  0.00376489
 -0.00237061]","Gene Symbol HBA1 The human alpha globin gene cluster located on chromosome 16 spans about 30 kb and includes seven loci: 5'- zeta - pseudozeta - mu - pseudoalpha-1 - alpha-2 - alpha-1 - theta - 3'. The alpha-2 (HBA2) and alpha-1 (HBA1) coding sequences are identical. These genes differ slightly over the 5' untranslated regions and the introns, but they differ significantly over the 3' untranslated regions. Two alpha chains plus two beta chains constitute HbA, which in normal adult life comprises about 97% of the total hemoglobin; alpha chains combine with delta chains to constitute HbA-2, which with HbF (fetal hemoglobin) makes up the remaining 3% of adult hemoglobin. Alpha thalassemias result from deletions of each of the alpha genes as well as deletions of both HBA2 and HBA1; some nondeletion alpha thalassemias have also been reported.","Gene Symbol HBB The alpha (HBA) and beta (HBB) loci determine the structure of the 2 types of polypeptide chains in adult hemoglobin, Hb A. The normal adult hemoglobin tetramer consists of two alpha chains and two beta chains. Mutant beta globin causes sickle cell anemia. Absence of beta chain causes beta-zero-thalassemia. Reduced amounts of detectable beta globin causes beta-plus-thalassemia. The order of the genes in the beta-globin cluster is 5'-epsilon -- gamma-G -- gamma-A -- delta -- beta--3'."
30,HBB,Genome importance → disease,Disease gene (hemoglobinopathy),β-globin subunit of adult hemoglobin; point mutations cause sickle cell disease and β-thalassemia.,11p15.4,['NM_000518.5'],"['HBA1', 'HBA2', 'HBD', 'HBG1', 'BCL11A']",,"[{'drug_name': 'Hydroxyurea', 'mechanism': 'HbF induction'}, {'drug_name': 'Voxelotor', 'mechanism': 'Inhibits HbS polymerization'}]",HBA2,"[-0.02935298 -0.0245774  -0.0065042  ... -0.02559978 -0.00918121
  0.0022045 ]","[-0.02210196 -0.01312635 -0.00601128 ... -0.02918728 -0.00534704
 -0.0091012 ]","[-0.01766844 -0.02857318 -0.02138157 ... -0.01628809  0.00251396
 -0.00116294]","[-0.01823345 -0.01092571 -0.00492734 ... -0.03032814  0.00376489
 -0.00237061]","Gene Symbol HBA2 The human alpha globin gene cluster located on chromosome 16 spans about 30 kb and includes seven loci: 5'- zeta - pseudozeta - mu - pseudoalpha-1 - alpha-2 - alpha-1 - theta - 3'. The alpha-2 (HBA2) and alpha-1 (HBA1) coding sequences are identical. These genes differ slightly over the 5' untranslated regions and the introns, but they differ significantly over the 3' untranslated regions. Two alpha chains plus two beta chains constitute HbA, which in normal adult life comprises about 97% of the total hemoglobin; alpha chains combine with delta chains to constitute HbA-2, which with HbF (fetal hemoglobin) makes up the remaining 3% of adult hemoglobin. Alpha thalassemias result from deletions of each of the alpha genes as well as deletions of both HBA2 and HBA1; some nondeletion alpha thalassemias have also been reported.","Gene Symbol HBB The alpha (HBA) and beta (HBB) loci determine the structure of the 2 types of polypeptide chains in adult hemoglobin, Hb A. The normal adult hemoglobin tetramer consists of two alpha chains and two beta chains. Mutant beta globin causes sickle cell anemia. Absence of beta chain causes beta-zero-thalassemia. Reduced amounts of detectable beta globin causes beta-plus-thalassemia. The order of the genes in the beta-globin cluster is 5'-epsilon -- gamma-G -- gamma-A -- delta -- beta--3'."
31,HBB,Genome importance → disease,Disease gene (hemoglobinopathy),β-globin subunit of adult hemoglobin; point mutations cause sickle cell disease and β-thalassemia.,11p15.4,['NM_000518.5'],"['HBA1', 'HBA2', 'HBD', 'HBG1', 'BCL11A']",,"[{'drug_name': 'Hydroxyurea', 'mechanism': 'HbF induction'}, {'drug_name': 'Voxelotor', 'mechanism': 'Inhibits HbS polymerization'}]",HBD,"[-0.00460725 -0.02261742 -0.00696799 ... -0.00984277 -0.00414716
  0.00431216]","[-0.03413737 -0.02417831 -0.00539856 ... -0.02018351 -0.00769627
  0.00766135]","[-0.01766844 -0.02857318 -0.02138157 ... -0.01628809  0.00251396
 -0.00116294]","[-0.01823345 -0.01092571 -0.00492734 ... -0.03032814  0.00376489
 -0.00237061]",Gene Symbol HBD,"Gene Symbol HBB The alpha (HBA) and beta (HBB) loci determine the structure of the 2 types of polypeptide chains in adult hemoglobin, Hb A. The normal adult hemoglobin tetramer consists of two alpha chains and two beta chains. Mutant beta globin causes sickle cell anemia. Absence of beta chain causes beta-zero-thalassemia. Reduced amounts of detectable beta globin causes beta-plus-thalassemia. The order of the genes in the beta-globin cluster is 5'-epsilon -- gamma-G -- gamma-A -- delta -- beta--3'."
32,HBB,Genome importance → disease,Disease gene (hemoglobinopathy),β-globin subunit of adult hemoglobin; point mutations cause sickle cell disease and β-thalassemia.,11p15.4,['NM_000518.5'],"['HBA1', 'HBA2', 'HBD', 'HBG1', 'BCL11A']",,"[{'drug_name': 'Hydroxyurea', 'mechanism': 'HbF induction'}, {'drug_name': 'Voxelotor', 'mechanism': 'Inhibits HbS polymerization'}]",HBG1,"[-0.00464011 -0.00958822 -0.02441246 ... -0.03789757 -0.00138098
 -0.00463341]","[-0.01171508 -0.01855711 -0.0236804  ... -0.05349821  0.01238677
  0.00594644]","[-0.01766844 -0.02857318 -0.02138157 ... -0.01628809  0.00251396
 -0.00116294]","[-0.01823345 -0.01092571 -0.00492734 ... -0.03032814  0.00376489
 -0.00237061]","Gene Symbol HBG1 The gamma globin genes (HBG1 and HBG2) are normally expressed in the fetal liver, spleen and bone marrow. Two gamma chains together with two alpha chains constitute fetal hemoglobin (HbF) which is normally replaced by adult hemoglobin (HbA) at birth. In some beta-thalassemias and related conditions, gamma chain production continues into adulthood. The two types of gamma chains differ at residue 136 where glycine is found in the G-gamma product (HBG2) and alanine is found in the A-gamma product (HBG1). The former is predominant at birth. The order of the genes in the beta-globin cluster is: 5'-epsilon -- gamma-G -- gamma-A -- delta -- beta--3'.","Gene Symbol HBB The alpha (HBA) and beta (HBB) loci determine the structure of the 2 types of polypeptide chains in adult hemoglobin, Hb A. The normal adult hemoglobin tetramer consists of two alpha chains and two beta chains. Mutant beta globin causes sickle cell anemia. Absence of beta chain causes beta-zero-thalassemia. Reduced amounts of detectable beta globin causes beta-plus-thalassemia. The order of the genes in the beta-globin cluster is 5'-epsilon -- gamma-G -- gamma-A -- delta -- beta--3'."
33,HBB,Genome importance → disease,Disease gene (hemoglobinopathy),β-globin subunit of adult hemoglobin; point mutations cause sickle cell disease and β-thalassemia.,11p15.4,['NM_000518.5'],"['HBA1', 'HBA2', 'HBD', 'HBG1', 'BCL11A']",,"[{'drug_name': 'Hydroxyurea', 'mechanism': 'HbF induction'}, {'drug_name': 'Voxelotor', 'mechanism': 'Inhibits HbS polymerization'}]",BCL11A,"[-0.02253124 -0.02362801  0.00270977 ... -0.03412183 -0.00844921
 -0.01791396]","[-0.03956091 -0.01732909 -0.00430945 ... -0.03194602 -0.01666409
  0.00013141]","[-0.01766844 -0.02857318 -0.02138157 ... -0.01628809  0.00251396
 -0.00116294]","[-0.01823345 -0.01092571 -0.00492734 ... -0.03032814  0.00376489
 -0.00237061]","Gene Symbol BCL11A This gene encodes a C2H2 type zinc-finger protein by its similarity to the mouse Bcl11a/Evi9 protein. The corresponding mouse gene is a common site of retroviral integration in myeloid leukemia, and may function as a leukemia disease gene, in part, through its interaction with BCL6. During hematopoietic cell differentiation, this gene is down-regulated. It is possibly involved in lymphoma pathogenesis since translocations associated with B-cell malignancies also deregulates its expression. Multiple transcript variants encoding several different isoforms have been found for this gene.","Gene Symbol HBB The alpha (HBA) and beta (HBB) loci determine the structure of the 2 types of polypeptide chains in adult hemoglobin, Hb A. The normal adult hemoglobin tetramer consists of two alpha chains and two beta chains. Mutant beta globin causes sickle cell anemia. Absence of beta chain causes beta-zero-thalassemia. Reduced amounts of detectable beta globin causes beta-plus-thalassemia. The order of the genes in the beta-globin cluster is 5'-epsilon -- gamma-G -- gamma-A -- delta -- beta--3'."
34,MAPK3,Gene-to-Gene interaction hubs,Interaction hub (MAP kinase),"ERK1 kinase in the canonical MAPK cascade, controlling proliferation/differentiation in response to RTK/RAS signals.",16p11.2,,"['MAPK1', 'MAP2K1', 'MAP2K2', 'BRAF', 'KRAS']",,,KRAS,"[-0.01008843 -0.00871488  0.00258469 ...  0.00605914  0.00539267
  0.01406019]","[-0.03938079 -0.00399591 -0.00489302 ... -0.0087805  -0.00564226
  0.01378854]","[-0.03704365 -0.01392078 -0.01215617 ... -0.0094243  -0.00606502
 -0.00444092]","[-0.04419659 -0.02888599 -0.0189341  ... -0.02142208 -0.00571915
 -0.00172404]","Gene Symbol KRAS This gene, a Kirsten ras oncogene homolog from the mammalian ras gene family, encodes a protein that is a member of the small GTPase superfamily. A single amino acid substitution is responsible for an activating mutation. The transforming protein that results is implicated in various malignancies, including lung adenocarcinoma, mucinous adenoma, ductal carcinoma of the pancreas and colorectal carcinoma. Alternative splicing leads to variants encoding two isoforms that differ in the C-terminal region.","Gene Symbol MAPK3 The protein encoded by this gene is a member of the MAP kinase family. MAP kinases, also known as extracellular signal-regulated kinases (ERKs), act in a signaling cascade that regulates various cellular processes such as proliferation, differentiation, and cell cycle progression in response to a variety of extracellular signals. This kinase is activated by upstream kinases, resulting in its translocation to the nucleus where it phosphorylates nuclear targets. Alternatively spliced transcript variants encoding different protein isoforms have been described."
35,MAPK3,Gene-to-Gene interaction hubs,Interaction hub (MAP kinase),"ERK1 kinase in the canonical MAPK cascade, controlling proliferation/differentiation in response to RTK/RAS signals.",16p11.2,,"['MAPK1', 'MAP2K1', 'MAP2K2', 'BRAF', 'KRAS']",,,MAPK1,"[-0.03283268 -0.01579859 -0.01669236 ... -0.01116548 -0.00612491
 -0.00412051]","[-0.03843061 -0.02147365 -0.01475023 ... -0.01788611 -0.00161149
 -0.00174861]","[-0.03704365 -0.01392078 -0.01215617 ... -0.0094243  -0.00606502
 -0.00444092]","[-0.04419659 -0.02888599 -0.0189341  ... -0.02142208 -0.00571915
 -0.00172404]","Gene Symbol MAPK1 This gene encodes a member of the MAP kinase family. MAP kinases, also known as extracellular signal-regulated kinases (ERKs), act as an integration point for multiple biochemical signals, and are involved in a wide variety of cellular processes such as proliferation, differentiation, transcription regulation and development. The activation of this kinase requires its phosphorylation by upstream kinases. Upon activation, this kinase translocates to the nucleus of the stimulated cells, where it phosphorylates nuclear targets. One study also suggests that this protein acts as a transcriptional repressor independent of its kinase activity. The encoded protein has been identified as a moonlighting protein based on its ability to perform mechanistically distinct functions. Two alternatively spliced transcript variants encoding the same protein, but differing in the UTRs, have been reported for this gene.","Gene Symbol MAPK3 The protein encoded by this gene is a member of the MAP kinase family. MAP kinases, also known as extracellular signal-regulated kinases (ERKs), act in a signaling cascade that regulates various cellular processes such as proliferation, differentiation, and cell cycle progression in response to a variety of extracellular signals. This kinase is activated by upstream kinases, resulting in its translocation to the nucleus where it phosphorylates nuclear targets. Alternatively spliced transcript variants encoding different protein isoforms have been described."
36,MAPK3,Gene-to-Gene interaction hubs,Interaction hub (MAP kinase),"ERK1 kinase in the canonical MAPK cascade, controlling proliferation/differentiation in response to RTK/RAS signals.",16p11.2,,"['MAPK1', 'MAP2K1', 'MAP2K2', 'BRAF', 'KRAS']",,,MAP2K1,"[-0.0287665  -0.00574868 -0.0039128  ... -0.00709917 -0.02031353
 -0.00911996]","[-0.04568613 -0.0192302  -0.01684724 ... -0.01947362 -0.01170339
 -0.00193615]","[-0.03704365 -0.01392078 -0.01215617 ... -0.0094243  -0.00606502
 -0.00444092]","[-0.04419659 -0.02888599 -0.0189341  ... -0.02142208 -0.00571915
 -0.00172404]","Gene Symbol MAP2K1 The protein encoded by this gene is a member of the dual specificity protein kinase family, which acts as a mitogen-activated protein (MAP) kinase kinase. MAP kinases, also known as extracellular signal-regulated kinases (ERKs), act as an integration point for multiple biochemical signals. This protein kinase lies upstream of MAP kinases and stimulates the enzymatic activity of MAP kinases upon wide variety of extra- and intracellular signals. As an essential component of MAP kinase signal transduction pathway, this kinase is involved in many cellular processes such as proliferation, differentiation, transcription regulation and development.","Gene Symbol MAPK3 The protein encoded by this gene is a member of the MAP kinase family. MAP kinases, also known as extracellular signal-regulated kinases (ERKs), act in a signaling cascade that regulates various cellular processes such as proliferation, differentiation, and cell cycle progression in response to a variety of extracellular signals. This kinase is activated by upstream kinases, resulting in its translocation to the nucleus where it phosphorylates nuclear targets. Alternatively spliced transcript variants encoding different protein isoforms have been described."
37,MAPK3,Gene-to-Gene interaction hubs,Interaction hub (MAP kinase),"ERK1 kinase in the canonical MAPK cascade, controlling proliferation/differentiation in response to RTK/RAS signals.",16p11.2,,"['MAPK1', 'MAP2K1', 'MAP2K2', 'BRAF', 'KRAS']",,,MAP2K2,"[-0.03017581 -0.00474059 -0.00509432 ... -0.00980516 -0.02310129
 -0.00653897]","[-0.05347928 -0.01422736 -0.01660508 ... -0.01194059 -0.01872295
 -0.00866635]","[-0.03704365 -0.01392078 -0.01215617 ... -0.0094243  -0.00606502
 -0.00444092]","[-0.04419659 -0.02888599 -0.0189341  ... -0.02142208 -0.00571915
 -0.00172404]","Gene Symbol MAP2K2 The protein encoded by this gene is a dual specificity protein kinase that belongs to the MAP kinase kinase family. This kinase is known to play a critical role in mitogen growth factor signal transduction. It phosphorylates and thus activates MAPK1/ERK2 and MAPK2/ERK3. The activation of this kinase itself is dependent on the Ser/Thr phosphorylation by MAP kinase kinase kinases. Mutations in this gene cause cardiofaciocutaneous syndrome (CFC syndrome), a disease characterized by heart defects, cognitive disability, and distinctive facial features similar to those found in Noonan syndrome. The inhibition or degradation of this kinase is also found to be involved in the pathogenesis of Yersinia and anthrax. A pseudogene, which is located on chromosome 7, has been identified for this gene.","Gene Symbol MAPK3 The protein encoded by this gene is a member of the MAP kinase family. MAP kinases, also known as extracellular signal-regulated kinases (ERKs), act in a signaling cascade that regulates various cellular processes such as proliferation, differentiation, and cell cycle progression in response to a variety of extracellular signals. This kinase is activated by upstream kinases, resulting in its translocation to the nucleus where it phosphorylates nuclear targets. Alternatively spliced transcript variants encoding different protein isoforms have been described."
38,MAPK3,Gene-to-Gene interaction hubs,Interaction hub (MAP kinase),"ERK1 kinase in the canonical MAPK cascade, controlling proliferation/differentiation in response to RTK/RAS signals.",16p11.2,,"['MAPK1', 'MAP2K1', 'MAP2K2', 'BRAF', 'KRAS']",,,BRAF,"[-0.03967857 -0.02324105 -0.02755168 ... -0.01100379 -0.00164489
 -0.00047432]","[-0.04344004 -0.01453127 -0.02785801 ... -0.01064858 -0.01150072
  0.00168506]","[-0.03704365 -0.01392078 -0.01215617 ... -0.0094243  -0.00606502
 -0.00444092]","[-0.04419659 -0.02888599 -0.0189341  ... -0.02142208 -0.00571915
 -0.00172404]","Gene Symbol BRAF This gene encodes a protein belonging to the RAF family of serine/threonine protein kinases. This protein plays a role in regulating the MAP kinase/ERK signaling pathway, which affects cell division, differentiation, and secretion. Mutations in this gene, most commonly the V600E mutation, are the most frequently identified cancer-causing mutations in melanoma, and have been identified in various other cancers as well, including non-Hodgkin lymphoma, colorectal cancer, thyroid carcinoma, non-small cell lung carcinoma, hairy cell leukemia and adenocarcinoma of lung. Mutations in this gene are also associated with cardiofaciocutaneous, Noonan, and Costello syndromes, which exhibit overlapping phenotypes. A pseudogene of this gene has been identified on the X chromosome.","Gene Symbol MAPK3 The protein encoded by this gene is a member of the MAP kinase family. MAP kinases, also known as extracellular signal-regulated kinases (ERKs), act in a signaling cascade that regulates various cellular processes such as proliferation, differentiation, and cell cycle progression in response to a variety of extracellular signals. This kinase is activated by upstream kinases, resulting in its translocation to the nucleus where it phosphorylates nuclear targets. Alternatively spliced transcript variants encoding different protein isoforms have been described."
39,MYC,Gene-to-Gene interaction hubs,Interaction hub (transcription factor),Global regulator of proliferation and metabolism via E-box transcription; broadly dysregulated in cancer.,8q24.21,,"['MYCN', 'MYCL', 'MAX', 'MXD1']",,,MYCN,"[-0.02427402 -0.01487592 -0.00455385 ...  0.00096109 -0.00466935
 -0.0246436 ]","[-0.05070695 -0.01319612 -0.0069892  ... -0.00637364 -0.02900838
 -0.00180982]","[-0.01787887 -0.02631487 -0.00856526 ... -0.00399349  0.0023301
 -0.01639577]","[-0.04821786 -0.02979015 -0.01801909 ... -0.01323421 -0.00964884
 -0.00450148]","Gene Symbol MYCN This gene is a member of the MYC family and encodes a protein with a basic helix-loop-helix (bHLH) domain. This protein is located in the nucleus and must dimerize with another bHLH protein in order to bind DNA. Amplification of this gene is associated with a variety of tumors, most notably neuroblastomas. Multiple alternatively spliced transcript variants encoding different isoforms have been found for this gene.","Gene Symbol MYC This gene is a proto-oncogene and encodes a nuclear phosphoprotein that plays a role in cell cycle progression, apoptosis and cellular transformation. The encoded protein forms a heterodimer with the related transcription factor MAX. This complex binds to the E box DNA consensus sequence and regulates the transcription of specific target genes. Amplification of this gene is frequently observed in numerous human cancers. Translocations involving this gene are associated with Burkitt lymphoma and multiple myeloma in human patients. There is evidence to show that translation initiates both from an upstream, in-frame non-AUG (CUG) and a downstream AUG start site, resulting in the production of two isoforms with distinct N-termini."
40,MYC,Gene-to-Gene interaction hubs,Interaction hub (transcription factor),Global regulator of proliferation and metabolism via E-box transcription; broadly dysregulated in cancer.,8q24.21,,"['MYCN', 'MYCL', 'MAX', 'MXD1']",,,MYCL,"[-0.01295644 -0.02158235 -0.00129793 ... -0.02273529 -0.01339231
 -0.03253522]","[-0.04183834 -0.02143196 -0.01230694 ...  0.00102722 -0.00105023
 -0.01826318]","[-0.01787887 -0.02631487 -0.00856526 ... -0.00399349  0.0023301
 -0.01639577]","[-0.04821786 -0.02979015 -0.01801909 ... -0.01323421 -0.00964884
 -0.00450148]","Gene Symbol MYCL Predicted to enable DNA-binding transcription factor activity, RNA polymerase II-specific and RNA polymerase II cis-regulatory region sequence-specific DNA binding activity. Predicted to be involved in regulation of transcription by RNA polymerase II. Predicted to act upstream of or within regulation of inner ear auditory receptor cell differentiation. Located in chromosome and nucleoplasm.","Gene Symbol MYC This gene is a proto-oncogene and encodes a nuclear phosphoprotein that plays a role in cell cycle progression, apoptosis and cellular transformation. The encoded protein forms a heterodimer with the related transcription factor MAX. This complex binds to the E box DNA consensus sequence and regulates the transcription of specific target genes. Amplification of this gene is frequently observed in numerous human cancers. Translocations involving this gene are associated with Burkitt lymphoma and multiple myeloma in human patients. There is evidence to show that translation initiates both from an upstream, in-frame non-AUG (CUG) and a downstream AUG start site, resulting in the production of two isoforms with distinct N-termini."
41,MYC,Gene-to-Gene interaction hubs,Interaction hub (transcription factor),Global regulator of proliferation and metabolism via E-box transcription; broadly dysregulated in cancer.,8q24.21,,"['MYCN', 'MYCL', 'MAX', 'MXD1']",,,MAX,"[-0.00814302 -0.01192634 -0.00980561 ... -0.01185245 -0.01125392
 -0.02506454]","[-0.05239242 -0.00561721 -0.02548997 ... -0.01099247 -0.01413785
 -0.01195374]","[-0.01787887 -0.02631487 -0.00856526 ... -0.00399349  0.0023301
 -0.01639577]","[-0.04821786 -0.02979015 -0.01801909 ... -0.01323421 -0.00964884
 -0.00450148]","Gene Symbol MAX The protein encoded by this gene is a member of the basic helix-loop-helix leucine zipper (bHLHZ) family of transcription factors. It is able to form homodimers and heterodimers with other family members, which include Mad, Mxi1 and Myc. Myc is an oncoprotein implicated in cell proliferation, differentiation and apoptosis. The homodimers and heterodimers compete for a common DNA target site (the E box) and rearrangement among these dimer forms provides a complex system of transcriptional regulation. Mutations of this gene have been reported to be associated with hereditary pheochromocytoma. A pseudogene of this gene is located on the long arm of chromosome 7. Alternative splicing results in multiple transcript variants.","Gene Symbol MYC This gene is a proto-oncogene and encodes a nuclear phosphoprotein that plays a role in cell cycle progression, apoptosis and cellular transformation. The encoded protein forms a heterodimer with the related transcription factor MAX. This complex binds to the E box DNA consensus sequence and regulates the transcription of specific target genes. Amplification of this gene is frequently observed in numerous human cancers. Translocations involving this gene are associated with Burkitt lymphoma and multiple myeloma in human patients. There is evidence to show that translation initiates both from an upstream, in-frame non-AUG (CUG) and a downstream AUG start site, resulting in the production of two isoforms with distinct N-termini."
42,MYC,Gene-to-Gene interaction hubs,Interaction hub (transcription factor),Global regulator of proliferation and metabolism via E-box transcription; broadly dysregulated in cancer.,8q24.21,,"['MYCN', 'MYCL', 'MAX', 'MXD1']",,,MXD1,"[-0.02123387 -0.00152769 -0.01441443 ... -0.01710209 -0.01236191
 -0.02678302]","[-0.03962741 -0.01072256 -0.00552902 ... -0.01385381 -0.0190901
 -0.00629868]","[-0.01787887 -0.02631487 -0.00856526 ... -0.00399349  0.0023301
 -0.01639577]","[-0.04821786 -0.02979015 -0.01801909 ... -0.01323421 -0.00964884
 -0.00450148]","Gene Symbol MXD1 This gene encodes a member of the MYC/MAX/MAD network of basic helix-loop-helix leucine zipper transcription factors. The MYC/MAX/MAD transcription factors mediate cellular proliferation, differentiation and apoptosis. The encoded protein antagonizes MYC-mediated transcriptional activation of target genes by competing for the binding partner MAX and recruiting repressor complexes containing histone deacetylases. Mutations in this gene may play a role in acute leukemia, and the encoded protein is a potential tumor suppressor. Alternatively spliced transcript variants encoding multiple isoforms have been observed for this gene.","Gene Symbol MYC This gene is a proto-oncogene and encodes a nuclear phosphoprotein that plays a role in cell cycle progression, apoptosis and cellular transformation. The encoded protein forms a heterodimer with the related transcription factor MAX. This complex binds to the E box DNA consensus sequence and regulates the transcription of specific target genes. Amplification of this gene is frequently observed in numerous human cancers. Translocations involving this gene are associated with Burkitt lymphoma and multiple myeloma in human patients. There is evidence to show that translation initiates both from an upstream, in-frame non-AUG (CUG) and a downstream AUG start site, resulting in the production of two isoforms with distinct N-termini."
43,SRC,Gene-to-Gene interaction hubs,Interaction hub (non-receptor tyrosine kinase),"Pleiotropic kinase activated downstream of many receptors; controls adhesion, migration, proliferation.",20q11.23,,"['YES1', 'FYN', 'LYN', 'ABL1', 'PTK2']",,,YES1,"[ 0.0095252  -0.01563074 -0.00998828 ... -0.01716959  0.0041036
 -0.03621999]","[-0.03127978 -0.0270792  -0.03083066 ... -0.01721181  0.00244869
 -0.01336788]","[ 0.00452893 -0.01708579 -0.00244435 ... -0.02858449 -0.01611228
 -0.00232443]","[-0.03037352 -0.0288403  -0.02278675 ... -0.00929842 -0.01664067
  0.01461841]","Gene Symbol YES1 This gene is the cellular homolog of the Yamaguchi sarcoma virus oncogene. The encoded protein has tyrosine kinase activity and belongs to the src family of proteins. This gene lies in close proximity to thymidylate synthase gene on chromosome 18, and a corresponding pseudogene has been found on chromosome 22.",Gene Symbol SRC This gene is highly similar to the v-src gene of Rous sarcoma virus. This proto-oncogene may play a role in the regulation of embryonic development and cell growth. The protein encoded by this gene is a tyrosine-protein kinase whose activity can be inhibited by phosphorylation by c-SRC kinase. Mutations in this gene could be involved in the malignant progression of colon cancer. Two transcript variants encoding the same protein have been found for this gene.
44,SRC,Gene-to-Gene interaction hubs,Interaction hub (non-receptor tyrosine kinase),"Pleiotropic kinase activated downstream of many receptors; controls adhesion, migration, proliferation.",20q11.23,,"['YES1', 'FYN', 'LYN', 'ABL1', 'PTK2']",,,FYN,"[ 0.00241069 -0.04063788 -0.02311192 ... -0.00603284  0.0092308
 -0.01892245]","[-0.03756614 -0.03454418 -0.02430597 ... -0.01621701 -0.00361789
 -0.00527867]","[ 0.00452893 -0.01708579 -0.00244435 ... -0.02858449 -0.01611228
 -0.00232443]","[-0.03037352 -0.0288403  -0.02278675 ... -0.00929842 -0.01664067
  0.01461841]",Gene Symbol FYN This gene is a member of the protein-tyrosine kinase oncogene family. It encodes a membrane-associated tyrosine kinase that has been implicated in the control of cell growth. The protein associates with the p85 subunit of phosphatidylinositol 3-kinase and interacts with the fyn-binding protein. Alternatively spliced transcript variants encoding distinct isoforms exist.,Gene Symbol SRC This gene is highly similar to the v-src gene of Rous sarcoma virus. This proto-oncogene may play a role in the regulation of embryonic development and cell growth. The protein encoded by this gene is a tyrosine-protein kinase whose activity can be inhibited by phosphorylation by c-SRC kinase. Mutations in this gene could be involved in the malignant progression of colon cancer. Two transcript variants encoding the same protein have been found for this gene.
45,SRC,Gene-to-Gene interaction hubs,Interaction hub (non-receptor tyrosine kinase),"Pleiotropic kinase activated downstream of many receptors; controls adhesion, migration, proliferation.",20q11.23,,"['YES1', 'FYN', 'LYN', 'ABL1', 'PTK2']",,,LYN,"[-0.01253645 -0.01225816 -0.00012569 ... -0.00851445 -0.02288632
 -0.01978534]","[-0.03283723 -0.00876044 -0.00913213 ... -0.01967414 -0.0170082
 -0.00758127]","[ 0.00452893 -0.01708579 -0.00244435 ... -0.02858449 -0.01611228
 -0.00232443]","[-0.03037352 -0.0288403  -0.02278675 ... -0.00929842 -0.01664067
  0.01461841]","Gene Symbol LYN This gene encodes a tyrosine protein kinase, which maybe involved in the regulation of mast cell degranulation, and erythroid differentiation. Alternatively spliced transcript variants encoding different isoforms have been found for this gene.",Gene Symbol SRC This gene is highly similar to the v-src gene of Rous sarcoma virus. This proto-oncogene may play a role in the regulation of embryonic development and cell growth. The protein encoded by this gene is a tyrosine-protein kinase whose activity can be inhibited by phosphorylation by c-SRC kinase. Mutations in this gene could be involved in the malignant progression of colon cancer. Two transcript variants encoding the same protein have been found for this gene.
46,SRC,Gene-to-Gene interaction hubs,Interaction hub (non-receptor tyrosine kinase),"Pleiotropic kinase activated downstream of many receptors; controls adhesion, migration, proliferation.",20q11.23,,"['YES1', 'FYN', 'LYN', 'ABL1', 'PTK2']",,,ABL1,"[-0.01001292 -0.00940502 -0.01544212 ... -0.0152325  -0.01164098
 -0.00320197]","[-0.03580018 -0.01684484 -0.02829621 ... -0.02694133 -0.02040141
  0.01093677]","[ 0.00452893 -0.01708579 -0.00244435 ... -0.02858449 -0.01611228
 -0.00232443]","[-0.03037352 -0.0288403  -0.02278675 ... -0.00929842 -0.01664067
  0.01461841]","Gene Symbol ABL1 This gene is a protooncogene that encodes a protein tyrosine kinase involved in a variety of cellular processes, including cell division, adhesion, differentiation, and response to stress. The activity of the protein is negatively regulated by its SH3 domain, whereby deletion of the region encoding this domain results in an oncogene. The ubiquitously expressed protein has DNA-binding activity that is regulated by CDC2-mediated phosphorylation, suggesting a cell cycle function. This gene has been found fused to a variety of translocation partner genes in various leukemias, most notably the t(9;22) translocation that results in a fusion with the 5' end of the breakpoint cluster region gene (BCR; MIM:151410). Alternative splicing of this gene results in two transcript variants, which contain alternative first exons that are spliced to the remaining common exons.",Gene Symbol SRC This gene is highly similar to the v-src gene of Rous sarcoma virus. This proto-oncogene may play a role in the regulation of embryonic development and cell growth. The protein encoded by this gene is a tyrosine-protein kinase whose activity can be inhibited by phosphorylation by c-SRC kinase. Mutations in this gene could be involved in the malignant progression of colon cancer. Two transcript variants encoding the same protein have been found for this gene.
47,SRC,Gene-to-Gene interaction hubs,Interaction hub (non-receptor tyrosine kinase),"Pleiotropic kinase activated downstream of many receptors; controls adhesion, migration, proliferation.",20q11.23,,"['YES1', 'FYN', 'LYN', 'ABL1', 'PTK2']",,,PTK2,"[-0.00881976 -0.0160879  -0.00938461 ...  0.003287   -0.01580208
 -0.00346734]","[-0.03978599 -0.01066296 -0.02747067 ... -0.01723371 -0.02221664
 -0.00857167]","[ 0.00452893 -0.01708579 -0.00244435 ... -0.02858449 -0.01611228
 -0.00232443]","[-0.03037352 -0.0288403  -0.02278675 ... -0.00929842 -0.01664067
  0.01461841]",Gene Symbol PTK2 This gene encodes a cytoplasmic protein tyrosine kinase which is found concentrated in the focal adhesions that form between cells growing in the presence of extracellular matrix constituents. The encoded protein is a member of the FAK subfamily of protein tyrosine kinases but lacks significant sequence similarity to kinases from other subfamilies. Activation of this gene may be an important early step in cell growth and intracellular signal transduction pathways triggered in response to certain neural peptides or to cell interactions with the extracellular matrix. Several transcript variants encoding different isoforms have been found for this gene.,Gene Symbol SRC This gene is highly similar to the v-src gene of Rous sarcoma virus. This proto-oncogene may play a role in the regulation of embryonic development and cell growth. The protein encoded by this gene is a tyrosine-protein kinase whose activity can be inhibited by phosphorylation by c-SRC kinase. Mutations in this gene could be involved in the malignant progression of colon cancer. Two transcript variants encoding the same protein have been found for this gene.
48,TP53,Genome importance → disease,Disease gene (tumour suppressor),Transcription factor regulating DNA damage responses; most commonly mutated in cancer; ‘guardian of the genome’.,17p13.1,['NM_000546'],"['ATM', 'ATR', 'CHEK1', 'CHEK2', 'RB1', 'MDM2']","['ATM–CHK2–p53 (G1 checkpoint)', 'ATR–CHK1–WEE1 (S/G2)']","[{'mechanism': 'DDR synthetic lethality in TP53/ATM mutant settings', 'agents_examples': ['ATR inhibitors', 'CHK1 inhibitors', 'WEE1 inhibitors', 'PARP inhibitor combinations']}]",ATM,"[-0.04853241 -0.0195451   0.00486907 ... -0.00651045 -0.00061466
 -0.01493411]","[-0.04752329 -0.02873804 -0.01124249 ... -0.0092363  -0.01361344
 -0.00317701]","[-0.02812712 -0.02880741  0.00575625 ... -0.00070563 -0.00561561
 -0.00297297]","[-0.03157945 -0.02399986 -0.00518603 ... -0.00146943 -0.0165361
  0.00477745]","Gene Symbol ATM The protein encoded by this gene belongs to the PI3/PI4-kinase family. This protein is an important cell cycle checkpoint kinase that phosphorylates; thus, it functions as a regulator of a wide variety of downstream proteins, including tumor suppressor proteins p53 and BRCA1, checkpoint kinase CHK2, checkpoint proteins RAD17 and RAD9, and DNA repair protein NBS1. This protein and the closely related kinase ATR are thought to be master controllers of cell cycle checkpoint signaling pathways that are required for cell response to DNA damage and for genome stability. Mutations in this gene are associated with ataxia telangiectasia, an autosomal recessive disorder.","Gene Symbol TP53 This gene encodes a tumor suppressor protein containing transcriptional activation, DNA binding, and oligomerization domains. The encoded protein responds to diverse cellular stresses to regulate expression of target genes, thereby inducing cell cycle arrest, apoptosis, senescence, DNA repair, or changes in metabolism. Mutations in this gene are associated with a variety of human cancers, including hereditary cancers such as Li-Fraumeni syndrome. Alternative splicing of this gene and the use of alternate promoters result in multiple transcript variants and isoforms. Additional isoforms have also been shown to result from the use of alternate translation initiation codons from identical transcript variants (PMIDs: 12032546, 20937277)."
49,TP53,Genome importance → disease,Disease gene (tumour suppressor),Transcription factor regulating DNA damage responses; most commonly mutated in cancer; ‘guardian of the genome’.,17p13.1,['NM_000546'],"['ATM', 'ATR', 'CHEK1', 'CHEK2', 'RB1', 'MDM2']","['ATM–CHK2–p53 (G1 checkpoint)', 'ATR–CHK1–WEE1 (S/G2)']","[{'mechanism': 'DDR synthetic lethality in TP53/ATM mutant settings', 'agents_examples': ['ATR inhibitors', 'CHK1 inhibitors', 'WEE1 inhibitors', 'PARP inhibitor combinations']}]",ATR,"[-0.04369815 -0.01790196 -0.01034367 ...  0.00281337 -0.00236897
 -0.01406683]","[-4.75202464e-02 -6.44842675e-03 -2.08999868e-02 ... -8.13843290e-05
 -7.83913583e-03 -1.61128666e-03]","[-0.02812712 -0.02880741  0.00575625 ... -0.00070563 -0.00561561
 -0.00297297]","[-0.03157945 -0.02399986 -0.00518603 ... -0.00146943 -0.0165361
  0.00477745]","Gene Symbol ATR The protein encoded by this gene is a serine/threonine kinase and DNA damage sensor, activating cell cycle checkpoint signaling upon DNA stress. The encoded protein can phosphorylate and activate several proteins involved in the inhibition of DNA replication and mitosis, and can promote DNA repair, recombination, and apoptosis. This protein is also important for fragile site stability and centrosome duplication. Defects in this gene are a cause of Seckel syndrome 1.","Gene Symbol TP53 This gene encodes a tumor suppressor protein containing transcriptional activation, DNA binding, and oligomerization domains. The encoded protein responds to diverse cellular stresses to regulate expression of target genes, thereby inducing cell cycle arrest, apoptosis, senescence, DNA repair, or changes in metabolism. Mutations in this gene are associated with a variety of human cancers, including hereditary cancers such as Li-Fraumeni syndrome. Alternative splicing of this gene and the use of alternate promoters result in multiple transcript variants and isoforms. Additional isoforms have also been shown to result from the use of alternate translation initiation codons from identical transcript variants (PMIDs: 12032546, 20937277)."
50,TP53,Genome importance → disease,Disease gene (tumour suppressor),Transcription factor regulating DNA damage responses; most commonly mutated in cancer; ‘guardian of the genome’.,17p13.1,['NM_000546'],"['ATM', 'ATR', 'CHEK1', 'CHEK2', 'RB1', 'MDM2']","['ATM–CHK2–p53 (G1 checkpoint)', 'ATR–CHK1–WEE1 (S/G2)']","[{'mechanism': 'DDR synthetic lethality in TP53/ATM mutant settings', 'agents_examples': ['ATR inhibitors', 'CHK1 inhibitors', 'WEE1 inhibitors', 'PARP inhibitor combinations']}]",CHEK1,"[-0.01294401 -0.00150974 -0.00892032 ...  0.00016442  0.01303267
 -0.01344868]","[-0.03777657 -0.01354403 -0.0226345  ... -0.00270488  0.00155301
 -0.00112976]","[-0.02812712 -0.02880741  0.00575625 ... -0.00070563 -0.00561561
 -0.00297297]","[-0.03157945 -0.02399986 -0.00518603 ... -0.00146943 -0.0165361
  0.00477745]","Gene Symbol CHEK1 The protein encoded by this gene belongs to the Ser/Thr protein kinase family. It is required for checkpoint mediated cell cycle arrest in response to DNA damage or the presence of unreplicated DNA. This protein acts to integrate signals from ATM and ATR, two cell cycle proteins involved in DNA damage responses, that also associate with chromatin in meiotic prophase I. Phosphorylation of CDC25A protein phosphatase by this protein is required for cells to delay cell cycle progression in response to double-strand DNA breaks. Several alternatively spliced transcript variants have been found for this gene.","Gene Symbol TP53 This gene encodes a tumor suppressor protein containing transcriptional activation, DNA binding, and oligomerization domains. The encoded protein responds to diverse cellular stresses to regulate expression of target genes, thereby inducing cell cycle arrest, apoptosis, senescence, DNA repair, or changes in metabolism. Mutations in this gene are associated with a variety of human cancers, including hereditary cancers such as Li-Fraumeni syndrome. Alternative splicing of this gene and the use of alternate promoters result in multiple transcript variants and isoforms. Additional isoforms have also been shown to result from the use of alternate translation initiation codons from identical transcript variants (PMIDs: 12032546, 20937277)."
51,TP53,Genome importance → disease,Disease gene (tumour suppressor),Transcription factor regulating DNA damage responses; most commonly mutated in cancer; ‘guardian of the genome’.,17p13.1,['NM_000546'],"['ATM', 'ATR', 'CHEK1', 'CHEK2', 'RB1', 'MDM2']","['ATM–CHK2–p53 (G1 checkpoint)', 'ATR–CHK1–WEE1 (S/G2)']","[{'mechanism': 'DDR synthetic lethality in TP53/ATM mutant settings', 'agents_examples': ['ATR inhibitors', 'CHK1 inhibitors', 'WEE1 inhibitors', 'PARP inhibitor combinations']}]",RB1,"[ 0.00311515 -0.02168613 -0.00703908 ... -0.0373133  -0.01906789
  0.01084306]","[-0.04077324 -0.02084519 -0.02328215 ... -0.00445794 -0.01548649
  0.02020319]","[-0.02812712 -0.02880741  0.00575625 ... -0.00070563 -0.00561561
 -0.00297297]","[-0.03157945 -0.02399986 -0.00518603 ... -0.00146943 -0.0165361
  0.00477745]","Gene Symbol RB1 The protein encoded by this gene is a negative regulator of the cell cycle and was the first tumor suppressor gene found. The encoded protein also stabilizes constitutive heterochromatin to maintain the overall chromatin structure. The active, hypophosphorylated form of the protein binds transcription factor E2F1. Defects in this gene are a cause of childhood cancer retinoblastoma (RB), bladder cancer, and osteogenic sarcoma.","Gene Symbol TP53 This gene encodes a tumor suppressor protein containing transcriptional activation, DNA binding, and oligomerization domains. The encoded protein responds to diverse cellular stresses to regulate expression of target genes, thereby inducing cell cycle arrest, apoptosis, senescence, DNA repair, or changes in metabolism. Mutations in this gene are associated with a variety of human cancers, including hereditary cancers such as Li-Fraumeni syndrome. Alternative splicing of this gene and the use of alternate promoters result in multiple transcript variants and isoforms. Additional isoforms have also been shown to result from the use of alternate translation initiation codons from identical transcript variants (PMIDs: 12032546, 20937277)."
52,TP53,Genome importance → disease,Disease gene (tumour suppressor),Transcription factor regulating DNA damage responses; most commonly mutated in cancer; ‘guardian of the genome’.,17p13.1,['NM_000546'],"['ATM', 'ATR', 'CHEK1', 'CHEK2', 'RB1', 'MDM2']","['ATM–CHK2–p53 (G1 checkpoint)', 'ATR–CHK1–WEE1 (S/G2)']","[{'mechanism': 'DDR synthetic lethality in TP53/ATM mutant settings', 'agents_examples': ['ATR inhibitors', 'CHK1 inhibitors', 'WEE1 inhibitors', 'PARP inhibitor combinations']}]",MDM2,"[-0.03213239 -0.00696202 -0.02662972 ... -0.00901715 -0.02466161
  0.00481316]","[-0.05069543 -0.00847743 -0.01754041 ... -0.00760562 -0.01202975
 -0.00141345]","[-0.02812712 -0.02880741  0.00575625 ... -0.00070563 -0.00561561
 -0.00297297]","[-0.03157945 -0.02399986 -0.00518603 ... -0.00146943 -0.0165361
  0.00477745]","Gene Symbol MDM2 This gene encodes a nuclear-localized E3 ubiquitin ligase. The encoded protein can promote tumor formation by targeting tumor suppressor proteins, such as p53, for proteasomal degradation. This gene is itself transcriptionally-regulated by p53. Overexpression or amplification of this locus is detected in a variety of different cancers. There is a pseudogene for this gene on chromosome 2. Alternative splicing results in a multitude of transcript variants, many of which may be expressed only in tumor cells.","Gene Symbol TP53 This gene encodes a tumor suppressor protein containing transcriptional activation, DNA binding, and oligomerization domains. The encoded protein responds to diverse cellular stresses to regulate expression of target genes, thereby inducing cell cycle arrest, apoptosis, senescence, DNA repair, or changes in metabolism. Mutations in this gene are associated with a variety of human cancers, including hereditary cancers such as Li-Fraumeni syndrome. Alternative splicing of this gene and the use of alternate promoters result in multiple transcript variants and isoforms. Additional isoforms have also been shown to result from the use of alternate translation initiation codons from identical transcript variants (PMIDs: 12032546, 20937277)."
53,VKORC1,Gene-to-Drug interactions,Gene-to-Drugs (pharmacogene/target),Vitamin K epoxide reductase; pharmacodynamic target of warfarin.,16p11.2,,,,"[{'drug_name': 'Warfarin', 'mechanism': 'Inhibits VKORC1'}]",,,,,,No Description,"Gene Symbol VKORC1 This gene encodes the catalytic subunit of the vitamin K epoxide reductase complex, which is responsible for the reduction of inactive vitamin K 2,3-epoxide to active vitamin K in the endoplasmic reticulum membrane. Vitamin K is a required co-factor for carboxylation of glutamic acid residues by vitamin K-dependent gamma-carboxylase in blood-clotting enzymes. Allelic variation in this gene is associated with vitamin k-dependent clotting factors combined deficiency of 2, and increased resistance or sensitivity to warfarin, an inhibitor of vitamin K epoxide reductase. Pseudogenes of this gene are located on chromosomes 1 and X. Alternative splicing results in multiple transcript variants."
54,,Negative-Control,,,,,,,,SLC40A1,"[-0.01529149  0.01113386  0.00143358 ... -0.00937976  0.00316676
 -0.0060155 ]","[-0.02834127  0.00038903  0.00501797 ... -0.03335923 -0.00193294
 -0.0013809 ]",,,Gene Symbol SLC40A1 The protein encoded by this gene is a cell membrane protein that may be involved in iron export from duodenal epithelial cells. Defects in this gene are a cause of hemochromatosis type 4 (HFE4).,No Description
55,,Negative-Control,,,,,,,,IGFN1,"[-0.02474217 -0.00388324 -0.0185128  ... -0.03920993  0.01644983
 -0.0232455 ]","[-0.03093378  0.00049854 -0.01669605 ... -0.04120237 -0.00766943
 -0.00361385]",,,Gene Symbol IGFN1 Predicted to be involved in homophilic cell adhesion via plasma membrane adhesion molecules; retina layer formation; and synapse assembly. Predicted to be located in Z disc and nucleus. Predicted to be active in synapse.,No Description
56,,Negative-Control,,,,,,,,H3-3B,"[-0.02547576 -0.00067611 -0.0047834  ... -0.01192169  0.00087222
 -0.00685732]","[-0.03570314  0.00102736 -0.00920327 ... -0.01438961 -0.00068009
 -0.00124868]",,,"Gene Symbol H3-3B Histones are basic nuclear proteins that are responsible for the nucleosome structure of the chromosomal fiber in eukaryotes. Two molecules of each of the four core histones (H2A, H2B, H3, and H4) form an octamer, around which approximately 146 bp of DNA is wrapped in repeating units, called nucleosomes. The linker histone, H1, interacts with linker DNA between nucleosomes and functions in the compaction of chromatin into higher order structures. This gene contains introns and its mRNA is polyadenylated, unlike most histone genes. The protein encoded by this gene is a replication-independent histone that is a member of the histone H3 family. Pseudogenes of this gene have been identified on the X chromosome, and on chromosomes 5, 13 and 17.",No Description
57,,Negative-Control,,,,,,,,SLC25A2,"[-0.02139196  0.01131807  0.01256226 ... -0.02187358  0.00443826
 -0.00684302]","[-0.02909949 -0.00651062  0.00359229 ... -0.03812859 -0.01169913
 -0.02206969]",,,Gene Symbol SLC25A2 This intronless gene encodes a protein that localizes to the mitochondrial inner membrane and likely functions as a transporter of small molecules such as ornithine. This gene is located between the protocadherin beta and gamma gene clusters on chromosome 5.,No Description
58,,Negative-Control,,,,,,,,LINC01074,"[-0.03276753 -0.01607095  0.00816582 ... -0.01865169 -0.00978855
 -0.01406371]","[-0.03756343 -0.02675607  0.0025297  ... -0.01874237 -0.01630284
 -0.01177792]",,,Gene Symbol LINC01074,No Description
59,,Negative-Control,,,,,,,,NFATC4,"[-0.0259863  -0.00371233 -0.01040732 ...  0.0010977   0.00488043
 -0.02998025]","[-0.04267749 -0.01094446 -0.0111606  ... -0.0185224  -0.01049253
 -0.01503798]",,,"Gene Symbol NFATC4 This gene encodes a member of the nuclear factor of activated T cells (NFAT) protein family. The encoded protein is part of a DNA-binding transcription complex. This complex consists of at least two components: a preexisting cytosolic component that translocates to the nucleus upon T cell receptor stimulation and an inducible nuclear component. NFAT proteins are activated by the calmodulin-dependent phosphatase, calcineurin. The encoded protein plays a role in the inducible expression of cytokine genes in T cells, especially in the induction of interleukin-2 and interleukin-4. Alternative splicing results in multiple transcript variants.",No Description
60,,Negative-Control,,,,,,,,OR8H1,"[-0.01359353 -0.00505478 -0.00087267 ... -0.01067344  0.02095753
 -0.00867301]","[-0.01881602  0.00646678 -0.01696462 ... -0.01002514 -0.00085677
 -0.00648319]",,,"Gene Symbol OR8H1 Olfactory receptors interact with odorant molecules in the nose, to initiate a neuronal response that triggers the perception of a smell. The olfactory receptor proteins are members of a large family of G-protein-coupled receptors (GPCR) arising from single coding-exon genes. Olfactory receptors share a 7-transmembrane domain structure with many neurotransmitter and hormone receptors and are responsible for the recognition and G protein-mediated transduction of odorant signals. The olfactory receptor gene family is the largest in the genome. The nomenclature assigned to the olfactory receptor genes and proteins for this organism is independent of other organisms.",No Description
61,,Negative-Control,,,,,,,,MYADML,"[-0.02098946 -0.00197489 -0.01775263 ... -0.00312632 -0.01192064
 -0.00424566]","[-0.0334787  -0.01297937 -0.01945843 ... -0.00632682 -0.02472665
 -0.00450348]",,,Gene Symbol MYADML,No Description
62,,Negative-Control,,,,,,,,CTDSPL,"[-0.02047266  0.00975495  0.02462099 ... -0.00517126 -0.01328033
  0.01458287]","[-0.04578195 -0.00597561 -0.00270666 ... -0.00284806  0.00650796
  0.01380113]",,,Gene Symbol CTDSPL Predicted to enable RNA polymerase II CTD heptapeptide repeat phosphatase activity. Predicted to be involved in protein dephosphorylation. Predicted to act upstream of or within negative regulation of G1/S transition of mitotic cell cycle and negative regulation of protein phosphorylation. Located in extracellular exosome.,No Description
63,,Negative-Control,,,,,,,,TMEM65,"[-0.02850654 -0.02061658 -0.0177254  ... -0.00033206 -0.00136284
  0.00053788]","[-0.03837043 -0.01164322 -0.01254902 ... -0.02996667  0.00633741
 -0.03087247]",,,Gene Symbol TMEM65 Predicted to be involved in cardiac ventricle development and regulation of cardiac conduction. Located in intercalated disc; mitochondrial inner membrane; and plasma membrane.,No Description
64,,Negative-Control,,,,,,,,TCP11L2,"[-0.02535004 -0.0078478   0.02556426 ... -0.00852618 -0.01892327
 -0.01143251]","[-0.01941502 -0.02144172  0.01201175 ... -0.01148894 -0.01063695
 -0.01710432]",,,Gene Symbol TCP11L2 Predicted to be involved in signal transduction.,No Description
65,,Negative-Control,,,,,,,,TEX46,"[-0.03022829 -0.0126945  -0.00951914 ... -0.00136062  0.00153048
 -0.01572426]","[-0.01861738 -0.0020156  -0.02167531 ... -0.0127071   0.00795318
 -0.01658733]",,,Gene Symbol TEX46 Predicted to be integral component of membrane.,No Description
66,,Negative-Control,,,,,,,,ZKSCAN7,"[-0.00935241  0.00664     0.00541437 ... -0.00022458 -0.00176794
 -0.01365605]","[-0.04432957 -0.02601839  0.00408299 ... -0.00315235  0.00487271
 -0.00448277]",,,"Gene Symbol ZKSCAN7 Predicted to enable DNA-binding transcription factor activity, RNA polymerase II-specific and RNA polymerase II cis-regulatory region sequence-specific DNA binding activity. Predicted to be involved in regulation of transcription by RNA polymerase II. Predicted to be active in nucleus.",No Description
67,,Negative-Control,,,,,,,,FAM222A,"[-0.00257826 -0.00433823 -0.00883877 ... -0.01279491  0.00022951
 -0.00849387]","[-0.01801835 -0.01106156 -0.00023843 ... -0.01948434 -0.0022373
 -0.01142806]",,,Gene Symbol FAM222A,No Description
68,,Negative-Control,,,,,,,,SULT1A1,"[-0.01010898 -0.00122434  0.0103363  ... -0.02976533  0.00424885
 -0.00772214]","[-0.01661859  0.00425065  0.01216269 ... -0.03122441 -0.00457508
 -0.00374415]",,,"Gene Symbol SULT1A1 Sulfotransferase enzymes catalyze the sulfate conjugation of many hormones, neurotransmitters, drugs, and xenobiotic compounds. These cytosolic enzymes are different in their tissue distributions and substrate specificities. The gene structure (number and length of exons) is similar among family members. This gene encodes one of two phenol sulfotransferases with thermostable enzyme activity. Multiple alternatively spliced variants that encode two isoforms have been identified for this gene.",No Description
69,,Negative-Control,,,,,,,,PHAX,"[ 0.00292908 -0.02075185 -0.0088619  ... -0.00866744 -0.02580786
 -0.02200196]","[-0.04536921 -0.02829756 -0.01831323 ... -0.00391225 -0.01087671
 -0.01501529]",,,Gene Symbol PHAX Enables mRNA cap binding complex binding activity. Involved in RNA stabilization. Located in centrosome and nucleoplasm. Part of ribonucleoprotein complex.,No Description
70,,Negative-Control,,,,,,,,SNORD121B,"[-0.02175215 -0.0035061  -0.01112821 ... -0.00545507 -0.0057481
 -0.00734612]","[-0.04154848 -0.01889665  0.00027514 ... -0.00942821 -0.01518169
 -0.0038256 ]",,,Gene Symbol SNORD121B,No Description
71,,Negative-Control,,,,,,,,LINC02876,"[-0.02991189 -0.01067714  0.01747289 ... -0.02658687 -0.00794824
 -0.01043869]","[-0.0394615  -0.02104089  0.01514525 ... -0.02827288 -0.01445088
 -0.0091972 ]",,,Gene Symbol LINC02876,No Description
72,,Negative-Control,,,,,,,,RNU6-737P,"[-0.00542196 -0.02089257 -0.00953645 ... -0.02214612  0.01285904
  0.00096881]","[-0.01810724 -0.02942092  0.00207284 ... -0.01940443 -0.00052824
 -0.00290197]",,,Gene Symbol RNU6-737P,No Description
73,,Negative-Control,,,,,,,,C19orf81,"[-0.0162886  -0.00790646  0.0021341  ... -0.01795988 -0.00901208
 -0.02622631]","[-0.02369935 -0.01225259  0.01817743 ... -0.02336909 -0.01387086
 -0.01932673]",,,Gene Symbol C19orf81,No Description
74,,Negative-Control,,,,,,,,VPS37B,"[-0.01529131 -0.02357126 -0.00745468 ... -0.02291651 -0.01654626
  0.0039797 ]","[-0.03455739 -0.02542531 -0.00523617 ... -0.02129944 -0.00409958
 -0.00302213]",,,Gene Symbol VPS37B Enables calcium-dependent protein binding activity. Involved in positive regulation of viral budding via host ESCRT complex. Located in endosome membrane; midbody; and plasma membrane. Part of ESCRT I complex.,No Description
75,,Negative-Control,,,,,,,,OR2S1P,"[-0.00047597  0.00835649 -0.00529313 ... -0.0128915  -0.00935817
 -0.0115948 ]","[-0.01619329  0.01176792 -0.01338857 ... -0.01219127 -0.00852661
 -0.00494795]",,,"Gene Symbol OR2S1P Olfactory receptors interact with odorant molecules in the nose, to initiate a neuronal response that triggers the perception of a smell. The olfactory receptor proteins are members of a large family of G-protein-coupled receptors (GPCR) arising from single coding-exon genes. Olfactory receptors share a 7-transmembrane domain structure with many neurotransmitter and hormone receptors and are responsible for the recognition and G protein-mediated transduction of odorant signals. The olfactory receptor gene family is the largest in the genome. The nomenclature assigned to the olfactory receptor genes and proteins for this organism is independent of other organisms.",No Description
76,,Negative-Control,,,,,,,,C16orf92,"[-0.01188007 -0.00678766  0.00753812 ... -0.00503211  0.01270424
 -0.02006144]","[-0.0327185  -0.00599108 -0.01443539 ... -0.00769543  0.01526175
 -0.0049194 ]",,,Gene Symbol C16orf92 Predicted to be involved in fusion of sperm to egg plasma membrane involved in single fertilization. Predicted to be located in plasma membrane. Predicted to be integral component of membrane.,No Description
77,,Negative-Control,,,,,,,,PLAG1,"[-0.01572844 -0.02000292  0.00697197 ... -0.00298453 -0.00334592
 -0.01189662]","[-0.04252617  0.00260516  0.00438971 ...  0.00071514 -0.00931331
 -0.0082785 ]",,,"Gene Symbol PLAG1 Pleomorphic adenoma gene 1 encodes a zinc finger protein with 2 putative nuclear localization signals. PLAG1, which is developmentally regulated, has been shown to be consistently rearranged in pleomorphic adenomas of the salivary glands. PLAG1 is activated by the reciprocal chromosomal translocations involving 8q12 in a subset of salivary gland pleomorphic adenomas. Three transcript variants encoding two different isoforms have been found for this gene.",No Description
78,,Negative-Control,,,,,,,,VCX3B,"[-0.02267328 -0.02287355 -0.00475281 ... -0.03064111 -0.00445598
 -0.00982747]","[-0.03932737 -0.00942164  0.00263539 ... -0.01635602 -0.00184103
 -0.00339231]",,,"Gene Symbol VCX3B This gene belongs to the VCX/Y gene family, which has multiple members on both X and Y chromosomes, and all are expressed exclusively in male germ cells. The X-linked members are clustered on chromosome Xp22, and the Y-linked members are two identical copies of the gene within a palindromic region on chromosome Yq11. The family members share a high degree of sequence identity, with the exception that a 30-nt unit is tandemly repeated in X-linked members but occurs only once in Y-linked members. The VCX gene cluster is polymorphic in terms of copy number; different individuals may have a different number of VCX genes. This family member, as represented by the reference genome allele, contains 14 copies of the 30-nt repeat unit. VCX/Y genes encode small and highly charged proteins containing putative bipartite nuclear localization signals. Although the exact function of this family member has yet to be determined, a role in mRNA stability regulation can be inferred from the ability of the highly similar family member, VCX-A, to inhibit mRNA decapping. A possible role in the regulation of ribosome assembly during spermatogenesis has also been suggested.",No Description
79,,Negative-Control,,,,,,,,OR2P1P,"[-0.00011123 -0.00034965 -0.00846628 ...  0.00060294 -0.00497281
 -0.01991904]","[-0.01653203  0.00904446 -0.0161626  ... -0.0080747  -0.00799554
 -0.00690044]",,,"Gene Symbol OR2P1P Olfactory receptors interact with odorant molecules in the nose, to initiate a neuronal response that triggers the perception of a smell. The olfactory receptor proteins are members of a large family of G-protein-coupled receptors (GPCR) arising from single coding-exon genes. Olfactory receptors share a 7-transmembrane domain structure with many neurotransmitter and hormone receptors and are responsible for the recognition and G protein-mediated transduction of odorant signals. The olfactory receptor gene family is the largest in the genome. The nomenclature assigned to the olfactory receptor genes and proteins for this organism is independent of other organisms.",No Description
80,,Negative-Control,,,,,,,,RPL7L1P10,"[-0.00914934  0.00400825  0.00524438 ... -0.01572647  0.01406053
 -0.00683035]","[-0.01356016 -0.01130891  0.00161767 ... -0.02056404  0.0037455
 -0.02016909]",,,Gene Symbol RPL7L1P10,No Description
81,,Negative-Control,,,,,,,,FPGS,"[-1.47324448e-04 -8.14612582e-03 -3.02317608e-06 ... -2.54754033e-02
  6.12665061e-03 -6.03454607e-03]","[-0.02990113 -0.00868433 -0.00880783 ... -0.03036914 -0.00221008
 -0.01986475]",,,"Gene Symbol FPGS This gene encodes the folylpolyglutamate synthetase enzyme. This enzyme has a central role in establishing and maintaining both cytosolic and mitochondrial folylpolyglutamate concentrations and, therefore, is essential for folate homeostasis and the survival of proliferating cells. This enzyme catalyzes the ATP-dependent addition of glutamate moieties to folate and folate derivatives. Alternative splicing results in transcript variants encoding different isoforms.",No Description
82,,Negative-Control,,,,,,,,RPL23,"[-0.01749287  0.01171156  0.01479853 ... -0.01639618 -0.0021206
  0.00296512]","[-0.0138019  -0.00799468 -0.01891901 ... -0.00721344  0.0066796
 -0.02177054]",,,"Gene Symbol RPL23 Ribosomes, the organelles that catalyze protein synthesis, consist of a small 40S subunit and a large 60S subunit. Together these subunits are composed of 4 RNA species and approximately 80 structurally distinct proteins. This gene encodes a ribosomal protein that is a component of the 60S subunit. The protein belongs to the L14P family of ribosomal proteins. It is located in the cytoplasm. This gene has been referred to as rpL17 because the encoded protein shares amino acid identity with ribosomal protein L17 from Saccharomyces cerevisiae; however, its official symbol is RPL23. As is typical for genes encoding ribosomal proteins, there are multiple processed pseudogenes of this gene dispersed through the genome.",No Description
83,,Negative-Control,,,,,,,,VDAC3,"[-0.02827284 -0.01419127  0.00181676 ... -0.01445178 -0.01934674
  0.01099652]","[-0.03255369 -0.01944033  0.00710143 ... -0.02392959 -0.01986038
  0.00418735]",,,"Gene Symbol VDAC3 This gene encodes a voltage-dependent anion channel (VDAC), and belongs to the mitochondrial porin family. VDACs are small, integral membrane proteins that traverse the outer mitochondrial membrane and conduct ATP and other small metabolites. They are known to bind several kinases of intermediary metabolism, thought to be involved in translocation of adenine nucleotides, and are hypothesized to form part of the mitochondrial permeability transition pore, which results in the release of cytochrome c at the onset of apoptotic cell death. Alternatively transcript variants encoding different isoforms have been described for this gene.",No Description
84,,Negative-Control,,,,,,,,OR7E99P,"[ 0.00612944 -0.02116886 -0.02229877 ... -0.0156282   0.0020335
 -0.01866399]","[-0.01574887  0.00532856 -0.02014329 ... -0.01364375 -0.00194887
 -0.00971641]",,,"Gene Symbol OR7E99P Olfactory receptors interact with odorant molecules in the nose, to initiate a neuronal response that triggers the perception of a smell. The olfactory receptor proteins are members of a large family of G-protein-coupled receptors (GPCR) arising from single coding-exon genes. Olfactory receptors share a 7-transmembrane domain structure with many neurotransmitter and hormone receptors and are responsible for the recognition and G protein-mediated transduction of odorant signals. The olfactory receptor gene family is the largest in the genome. The nomenclature assigned to the olfactory receptor genes and proteins for this organism is independent of other organisms.",No Description
85,,Negative-Control,,,,,,,,TMPRSS11D,"[-1.88502055e-02  9.52608592e-04 -2.69288644e-02 ... -7.09575554e-03
 -1.31210890e-02  7.08460575e-05]","[-0.03084831  0.00559684 -0.01160096 ... -0.01744743 -0.00541619
  0.00883539]",,,"Gene Symbol TMPRSS11D This gene encodes a trypsin-like serine protease released from the submucosal serous glands onto mucous membrane. It is a type II integral membrane protein and has 29-38% identity in the sequence of the catalytic region with human hepsin, enteropeptidase, acrosin, and mast cell tryptase. The noncatalytic region has little similarity to other known proteins. This protein may play some biological role in the host defense system on the mucous membrane independently of or in cooperation with other substances in airway mucous or bronchial secretions. This protein facilitates entry of viruses into host cells by proteolytically cleaving and activating viral envelope glycoproteins.",No Description
86,,Negative-Control,,,,,,,,SETD9,"[-0.02039917 -0.00838313  0.00075529 ... -0.01335268 -0.0077388
 -0.01461392]","[-0.03371106 -0.014711   -0.0002981  ... -0.02407373  0.00716589
 -0.00872852]",,,Gene Symbol SETD9 Predicted to enable lysine N-methyltransferase activity. Predicted to be involved in regulation of signal transduction by p53 class mediator. Predicted to be located in nucleoplasm.,No Description
87,,Negative-Control,,,,,,,,SLA,"[ 0.01472178 -0.00670857  0.01195458 ... -0.01151513  0.00339377
 -0.00208913]","[-0.02184749 -0.00414258 -0.01773129 ... -0.02336467 -0.00119561
  0.00118159]",,,Gene Symbol SLA Predicted to enable signaling receptor binding activity. Predicted to be involved in cell differentiation; innate immune response; and transmembrane receptor protein tyrosine kinase signaling pathway. Predicted to be located in cytosol. Predicted to be active in dendritic spine and focal adhesion. Predicted to be extrinsic component of cytoplasmic side of plasma membrane.,No Description
88,,Negative-Control,,,,,,,,MSL3,"[-0.01995348 -0.00164697 -0.01878637 ... -0.0360822  -0.00967442
 -0.0185895 ]","[-0.03513911  0.00063979 -0.0153717  ... -0.0154383   0.00258248
 -0.00101068]",,,"Gene Symbol MSL3 This gene encodes a nuclear protein that is similar to the product of the Drosophila male-specific lethal-3 gene. The Drosophila protein plays a critical role in a dosage-compensation pathway, which equalizes X-linked gene expression in males and females. Thus, the human protein is thought to play a similar function in chromatin remodeling and transcriptional regulation, and it has been found as part of a complex that is responsible for histone H4 lysine-16 acetylation. This gene can undergo X inactivation. Alternative splicing results in multiple transcript variants. Related pseudogenes have been identified on chromosomes 2, 7 and 8.",No Description
89,,Negative-Control,,,,,,,,FAM186A,"[-0.02260716 -0.00026593 -0.00899686 ... -0.02038838 -0.00275148
 -0.00648383]","[-0.02654699 -0.00740613  0.00080283 ... -0.02876816 -0.00848995
 -0.01097204]",,,Gene Symbol FAM186A,No Description
90,,Negative-Control,,,,,,,,CYB5R3,"[-0.02732316 -0.01255225 -0.01432046 ... -0.0175476  -0.01004449
 -0.02136639]","[-0.02726983 -0.01316965 -0.01264622 ... -0.031328   -0.01032635
 -0.01879163]",,,"Gene Symbol CYB5R3 This gene encodes cytochrome b5 reductase, which includes a membrane-bound form in somatic cells (anchored in the endoplasmic reticulum, mitochondrial and other membranes) and a soluble form in erythrocytes. The membrane-bound form exists mainly on the cytoplasmic side of the endoplasmic reticulum and functions in desaturation and elongation of fatty acids, in cholesterol biosynthesis, and in drug metabolism. The erythrocyte form is located in a soluble fraction of circulating erythrocytes and is involved in methemoglobin reduction. The membrane-bound form has both membrane-binding and catalytic domains, while the soluble form has only the catalytic domain. Alternate splicing results in multiple transcript variants. Mutations in this gene cause methemoglobinemias.",No Description
91,,Negative-Control,,,,,,,,PCDHB15,"[-0.00560762  0.01638213 -0.00388533 ... -0.0230272  -0.01084231
 -0.00280212]","[-0.04047278  0.00753483 -0.00117997 ... -0.02854753 -0.02776469
 -0.00090434]",,,"Gene Symbol PCDHB15 This gene is a member of the protocadherin beta gene cluster, one of three related gene clusters tandemly linked on chromosome five. The gene clusters demonstrate an unusual genomic organization similar to that of B-cell and T-cell receptor gene clusters. The beta cluster contains 16 genes and 3 pseudogenes, each encoding 6 extracellular cadherin domains and a cytoplasmic tail that deviates from others in the cadherin superfamily. The extracellular domains interact in a homophilic manner to specify differential cell-cell connections. Unlike the alpha and gamma clusters, the transcripts from these genes are made up of only one large exon, not sharing common 3' exons as expected. These neural cadherin-like cell adhesion proteins are integral plasma membrane proteins. Their specific functions are unknown but they most likely play a critical role in the establishment and function of specific cell-cell neural connections.",No Description
92,,Negative-Control,,,,,,,,KRT24,"[-0.01238044  0.00132294  0.00918968 ... -0.01046052 -0.01078848
 -0.0166849 ]","[-0.01007631  0.01279287 -0.01522044 ... -0.01388463 -0.02015263
 -0.00934419]",,,"Gene Symbol KRT24 This gene encodes a member of the type I (acidic) keratin family, which belongs to the superfamily of intermediate filament (IF) proteins. Keratins are heteropolymeric structural proteins which form the intermediate filament. These filaments, along with actin microfilaments and microtubules, compose the cytoskeleton of epithelial cells. The type I keratin genes are clustered in a region of chromosome 17q12-q21.",No Description
93,,Negative-Control,,,,,,,,RHOBTB3,"[-0.02697399 -0.01726282 -0.00975091 ... -0.01666664  0.01638842
  0.00753841]","[-0.0349408  -0.02810909 -0.00818762 ... -0.01291375  0.01325925
 -0.00978473]",,,"Gene Symbol RHOBTB3 Enables ATP binding activity and small GTPase binding activity. Involved in retrograde transport, endosome to Golgi. Located in extracellular exosome.",No Description
94,,Negative-Control,,,,,,,,H2BW1,"[-0.00309323 -0.00142677 -0.01657594 ... -0.00860059  0.00389041
  0.01046938]","[-0.03345225  0.0034117  -0.01378244 ... -0.00367622  0.00271138
  0.00870898]",,,"Gene Symbol H2BW1 Histones are basic nuclear proteins that are responsible for the nucleosome structure of the chromosomal fiber in eukaryotes. Two molecules of each of the four core histones (H2A, H2B, H3, and H4) form an octamer, around which approximately 146 bp of DNA is wrapped in repeating units, called nucleosomes. The linker histone, H1, interacts with linker DNA between nucleosomes and functions in the compaction of chromatin into higher order structures. This gene encodes a replication-independent histone that is a member of the H2B histone family that is specifically expressed in sperm nuclei. A polymorphism in the 5' UTR of this gene is associated with male infertility.",No Description
95,,Negative-Control,,,,,,,,SPATA19,"[-0.02036138 -0.00066014  0.02207489 ... -0.01208831 -0.00334504
 -0.01625162]","[-0.02549941 -0.01391342 -0.01526895 ... -0.01540962  0.00062821
 -0.01060131]",,,Gene Symbol SPATA19 Predicted to be involved in cell differentiation and spermatogenesis. Predicted to be located in mitochondrial outer membrane.,No Description
96,,Negative-Control,,,,,,,,MRO,"[-0.00499657 -0.03867507 -0.03028305 ...  0.00437545 -0.0093444
 -0.00069402]","[-0.04205304 -0.03873169 -0.01254007 ... -0.00510298  0.00610985
  0.01354694]",,,"Gene Symbol MRO This gene is specifically transcribed in males before and after differentiation of testis, and the encoded protein may play an important role in a mammalian sex determination. Multiple transcript variants encoding different isoforms have been found for this gene.",No Description
97,,Negative-Control,,,,,,,,RN7SL811P,"[-7.67271500e-03  6.73743291e-03 -8.29850417e-03 ... -3.07452772e-02
  1.54507561e-05 -1.57042383e-03]","[-0.01888917 -0.01113889 -0.00223526 ... -0.02388364 -0.00120014
  0.00271158]",,,Gene Symbol RN7SL811P,No Description
98,,Negative-Control,,,,,,,,LINC01447,"[-0.03825166 -0.00897503  0.01118286 ... -0.01348214 -0.01334497
 -0.01247621]","[-0.04311953 -0.02111577  0.01188986 ... -0.01775971 -0.0206979
 -0.01553975]",,,Gene Symbol LINC01447,No Description
99,,Negative-Control,,,,,,,,GOLGA8A,"[-0.02066706 -0.00554582  0.00676153 ... -0.01008765  0.01763461
  0.006     ]","[-0.03409709 -0.00540113  0.0095081  ... -0.00188676 -0.00546385
 -0.02206671]",,,"Gene Symbol GOLGA8A The Golgi apparatus, which participates in glycosylation and transport of proteins and lipids in the secretory pathway, consists of a series of stacked, flattened membrane sacs referred to as cisternae. Interactions between the Golgi and microtubules are thought to be important for the reorganization of the Golgi after it fragments during mitosis. The golgins constitute a family of proteins which are localized to the Golgi. This gene encodes a golgin which structurally resembles its family member GOLGA2, suggesting that they may share a similar function. There are many similar copies of this gene on chromosome 15. Alternative splicing results in multiple transcript variants.",No Description
100,,Negative-Control,,,,,,,,GJD3,"[-0.01356435  0.01385013 -0.00338777 ... -0.0305713   0.00670907
 -0.00896537]","[-0.03250059  0.01512052 -0.00023975 ... -0.02432946 -0.0033696
 -0.01668381]",,,"Gene Symbol GJD3 This gene is a member of the large family of connexins that are required for the formation of gap junctions. Six connexin monomers form a hemichannel, or connexon, on the cell surface. This connexon can interact with a connexon from a neighboring cell, thus forming a channel linking the cytoplasm of the 2 cells.",No Description
101,,Negative-Control,,,,,,,,TM4SF18,"[-0.02434965 -0.01918747 -0.02159103 ... -0.00747014 -0.00086079
 -0.02273818]","[-0.00970047 -0.0124684  -0.02755237 ... -0.01531251  0.00313932
 -0.016633  ]",,,Gene Symbol TM4SF18 Predicted to be integral component of membrane.,No Description
102,,Negative-Control,,,,,,,,NRAD1,"[-0.0177734  -0.0105422   0.00695308 ... -0.02132278 -0.01068126
 -0.01839587]","[-0.03093413 -0.01743875  0.01605324 ... -0.02250118 -0.01009822
 -0.0204096 ]",,,Gene Symbol NRAD1,No Description